restaurant_name,area,ratings,no_of_ratings_greater_than_equal_to,item_name,item_category,item_price,item_description,bestseller_tag
Burger King,"Opposite To West Side, Shivaji Nagar",4.2,1000,Hashbrown,Recommended,29.0,What every potato wants to be.,0
Burger King,"Opposite To West Side, Shivaji Nagar",4.2,1000,King Egg Burger,Recommended,60.0,No description available,0
Burger King,"Opposite To West Side, Shivaji Nagar",4.2,1000,King Egg Double Patty Burger,Recommended,80.0,No description available,1
Burger King,"Opposite To West Side, Shivaji Nagar",4.2,1000,King Egg with Cheese,Recommended,80.0,No description available,0
Burger King,"Opposite To West Side, Shivaji Nagar",4.2,1000,King Egg Wrap,Recommended,80.0,"A fresh and fluffy  egg patty loaded with juicy veggies, topped with a delightful spicy sauce, wrapped in a grilled paratha",0
Burger King,"Opposite To West Side, Shivaji Nagar",4.2,1000,Cheese Melt Down Burger,Recommended,169.0,"Cheese oozing spicy veg patty, veggies and creamy sauce. An indulgent treat from our King's Collection!",0
Burger King,"Opposite To West Side, Shivaji Nagar",4.2,1000,Fiery Chicken Burger,Recommended,179.0,"Too Hot to Handle. Our Spicy & Crunchy Chicken Patty topped with crispy lettuce, juicy tomatoes and creamy sauce with our unique corn dust buns. An indulgent treat from our King's Collection!",1
Burger King,"Opposite To West Side, Shivaji Nagar",4.2,1000,Anytime Combo (Veg),Recommended,476.0,2 Crispy Veg Double Patty+ 1 King Peri Peri Fries + 1 Veggie Strips + 2 Pepsi (M),0
Burger King,"Opposite To West Side, Shivaji Nagar",4.2,1000,Anytime Combo (Chicken),Recommended,594.0,2 Crispy Chicken Double Patty + 1King Peri Peri Fries + 1 Chicken Fries + 2 Pepsi (M),0
Burger King,"Opposite To West Side, Shivaji Nagar",4.2,1000,WFH Combo (Veg),Recommended,694.0,2Veg Whopper + 1King Peri Peri Fries + 1 Veggie Strips +1 Chocolate Shake +1 Pepsi (M),0
Burger King,"Opposite To West Side, Shivaji Nagar",4.2,1000,Mini Treat Combo (Chicken),Recommended,673.0,1 Classic Chicken + 2 Crispy Chicken Double Patty + 1 King Fries + 1Chicken Fries + 2 Pepsi (M),0
Burger King,"Opposite To West Side, Shivaji Nagar",4.2,1000,Crispy Chicken Double Patty + Crispy Chicken Double Patty,Recommended,238.0,Crispy Chicken Double Patty + Crispy Chicken Double Patty,0
Burger King,"Opposite To West Side, Shivaji Nagar",4.2,1000,Chicken Whopper + Chicken Whopper,Recommended,358.0,Chicken Whopper + Chicken Whopper,0
Burger King,"Opposite To West Side, Shivaji Nagar",4.2,1000,2 Lite Whopper Jr Chicken + 1 King Fries+ 1 Chicken Fries,Recommended,416.0,2 Lite Whopper Jr Chicken + 1 King Fries+ 1 Chicken Fries,0
Burger King,"Opposite To West Side, Shivaji Nagar",4.2,1000,2 Crispy Chicken Double Patty + 1King Fries + 1 Chicken Fries,Recommended,416.0,2 Crispy Chicken Double Patty + 1King Fries + 1 Chicken Fries,0
Burger King,"Opposite To West Side, Shivaji Nagar",4.2,1000,2 Crispy Veg Double Patty + 1King Fries + 1Veggie strips,Recommended,298.0,2 Crispy Veg Double Patty + 1King Fries + 1Veggie strips,0
Burger King,"Opposite To West Side, Shivaji Nagar",4.2,1000,2 Lite Whopper Jr Veg + 1 King Fries + 1 Veggie strips,Recommended,366.0,2 Lite Whopper Jr Veg + 1 King Fries + 1 Veggie strips,0
Burger King,"Opposite To West Side, Shivaji Nagar",4.2,1000,Chocolate Mousse Cup,Recommended,109.0,Airy and creamy chocolate mousse topped with chocolate ganache and choco chips,0
Burger King,"Opposite To West Side, Shivaji Nagar",4.2,1000,Hashbrown,Recommended,29.0,What every potato wants to be.,0
Burger King,"Opposite To West Side, Shivaji Nagar",4.2,1000,Veggie Strips - 5 Pcs,Recommended,49.0,Vegetarian's favourite finger food.,0
Burger King,"Opposite To West Side, Shivaji Nagar",4.2,1000,King Fries,Recommended,99.0,The perfect crispy partner.,0
Burger King,"Opposite To West Side, Shivaji Nagar",4.2,1000,Cheesy Fries,Recommended,109.0,"Crispy french fries, loads of cheese, yum!",0
Burger King,"Opposite To West Side, Shivaji Nagar",4.2,1000,Chocolate Thick Shake,Recommended,149.0,Our signature chocolate thick shake.,0
Burger King,"Opposite To West Side, Shivaji Nagar",4.2,1000,Boneless Wings Large,Recommended,249.0,7pcs Boneless Chicken Bites,0
Burger King,"Opposite To West Side, Shivaji Nagar",4.2,1000,Hashbrown,Breakfast With BK,29.0,What every potato wants to be.,0
Burger King,"Opposite To West Side, Shivaji Nagar",4.2,1000,King Egg Burger,Breakfast With BK,60.0,No description available,0
Burger King,"Opposite To West Side, Shivaji Nagar",4.2,1000,King Egg Double Patty Burger,Breakfast With BK,80.0,No description available,1
Burger King,"Opposite To West Side, Shivaji Nagar",4.2,1000,King Egg with Cheese,Breakfast With BK,80.0,No description available,0
Burger King,"Opposite To West Side, Shivaji Nagar",4.2,1000,King Egg Wrap,Breakfast With BK,80.0,"A fresh and fluffy  egg patty loaded with juicy veggies, topped with a delightful spicy sauce, wrapped in a grilled paratha",0
Burger King,"Opposite To West Side, Shivaji Nagar",4.2,1000,Chicken Tandoor Grill Burger,New Kings Collection Burgers,149.0,"Desiness Alert! Flame grilled Tandoori Chicken, mint sauce with fresh onion  with our unique corn dust buns. An indulgent treat from our King's Collection!",0
Burger King,"Opposite To West Side, Shivaji Nagar",4.2,1000,Cheese Melt Down Burger,New Kings Collection Burgers,169.0,"Cheese oozing spicy veg patty, veggies and creamy sauce. An indulgent treat from our King's Collection!",0
Burger King,"Opposite To West Side, Shivaji Nagar",4.2,1000,Fiery Chicken Burger,New Kings Collection Burgers,179.0,"Too Hot to Handle. Our Spicy & Crunchy Chicken Patty topped with crispy lettuce, juicy tomatoes and creamy sauce with our unique corn dust buns. An indulgent treat from our King's Collection!",1
Burger King,"Opposite To West Side, Shivaji Nagar",4.2,1000,Paneer Overload Burger,New Kings Collection Burgers,179.0,"A patty with paneer sandiwched with masala, veggies and creamy sauce. An indulgent treat from our King's Collection!",0
Burger King,"Opposite To West Side, Shivaji Nagar",4.2,1000,Anytime Combo (Veg),Home Delight Combos,476.0,2 Crispy Veg Double Patty+ 1 King Peri Peri Fries + 1 Veggie Strips + 2 Pepsi (M),0
Burger King,"Opposite To West Side, Shivaji Nagar",4.2,1000,Anytime Combo (Chicken),Home Delight Combos,594.0,2 Crispy Chicken Double Patty + 1King Peri Peri Fries + 1 Chicken Fries + 2 Pepsi (M),0
Burger King,"Opposite To West Side, Shivaji Nagar",4.2,1000,WFH Combo (Veg),Home Delight Combos,694.0,2Veg Whopper + 1King Peri Peri Fries + 1 Veggie Strips +1 Chocolate Shake +1 Pepsi (M),0
Burger King,"Opposite To West Side, Shivaji Nagar",4.2,1000,2 Cheese Meltdown + 1King Fries + 2 Med Pepsi,Home Delight Combos,595.0,2 Cheese Meltdown + 1King Fries + 2 Med Pepsi,0
Burger King,"Opposite To West Side, Shivaji Nagar",4.2,1000,2 Fiery Chicken + 1King Fries + 2 Med Pepsi,Home Delight Combos,615.0,2 Fiery Chicken + 1King Fries + 2 Med Pepsi,0
Burger King,"Opposite To West Side, Shivaji Nagar",4.2,1000,Mini Treat Combo (Veg),Home Delight Combos,606.0,1 Classic Veg + 2 Crispy Veg Double + 2 Medium Fries + 1 Veggie Strips + 2 Pepsi (M),0
Burger King,"Opposite To West Side, Shivaji Nagar",4.2,1000,Mini Treat Combo (Chicken),Home Delight Combos,673.0,1 Classic Chicken + 2 Crispy Chicken Double Patty + 1 King Fries + 1Chicken Fries + 2 Pepsi (M),0
Burger King,"Opposite To West Side, Shivaji Nagar",4.2,1000,Binge Combo ( Veg),Home Delight Combos,676.0,1 Veg Whopper + 2Crispy Veg Double+ 2 medium Fries + 1 Veggie Strips + 2 Pepsi (M),0
Burger King,"Opposite To West Side, Shivaji Nagar",4.2,1000,Binge Combo ( Chicken ),Home Delight Combos,745.0,1 Chicken Whopper + 2 Crispy Chicken + 1 King Fries + Regular Boneless + 2 Pepsi (M),0
Burger King,"Opposite To West Side, Shivaji Nagar",4.2,1000,Chillax Combo (Veg),Home Delight Combos,773.0,2 Classic Veg + 2 Crispy Veg + 2 Medium Fries + 2 Veggie Strips + 3 Pepsi (M),0
Burger King,"Opposite To West Side, Shivaji Nagar",4.2,1000,2 Veg Whopper + 1Cheese Meltdown,Friends & Family Combo,467.0,2 Veg Whopper + 1Cheese Meltdown,0
Burger King,"Opposite To West Side, Shivaji Nagar",4.2,1000,2 Cheese Meltdown + 1Classic Veg,Friends & Family Combo,417.0,2 Cheese Meltdown + 1Classic Veg,0
Burger King,"Opposite To West Side, Shivaji Nagar",4.2,1000,2 Chicken Whopper +1Fiery Chicken,Friends & Family Combo,537.0,2 Chicken Whopper +1Fiery Chicken,0
Burger King,"Opposite To West Side, Shivaji Nagar",4.2,1000,2 Fiery Chicken +1Classic Chicken,Friends & Family Combo,457.0,2 Fiery Chicken +1Classic Chicken,0
Burger King,"Opposite To West Side, Shivaji Nagar",4.2,1000,BK Classic Chicken + BK Classic Chicken,Friends & Family Combo,198.0,BK Classic Chicken + BK Classic Chicken,0
Burger King,"Opposite To West Side, Shivaji Nagar",4.2,1000,Chicken Makhani Burst + Lite Whopper Jr Chicken,Friends & Family Combo,199.0,Chicken Makhani Burst + Lite Whopper Jr Chicken,0
Burger King,"Opposite To West Side, Shivaji Nagar",4.2,1000,Crispy Chicken Double Patty + Crispy Chicken Double Patty,Friends & Family Combo,238.0,Crispy Chicken Double Patty + Crispy Chicken Double Patty,0
Burger King,"Opposite To West Side, Shivaji Nagar",4.2,1000,Chicken Whopper + Chicken Whopper,Friends & Family Combo,358.0,Chicken Whopper + Chicken Whopper,0
Burger King,"Opposite To West Side, Shivaji Nagar",4.2,1000,Twisted Whopper Veg + Twisted Whopper Veg,Friends & Family Combo,398.0,Twisted Whopper Veg + Twisted Whopper Veg,0
Burger King,"Opposite To West Side, Shivaji Nagar",4.2,1000,Twisted Whopper Chicken + Twisted Whopper Chicken,Friends & Family Combo,438.0,Twisted Whopper Chicken + Twisted Whopper Chicken,0
Burger King,"Opposite To West Side, Shivaji Nagar",4.2,1000,2 Chicken Whopper + 2 Crispy Chicken + 5pc- Chicken Sticks + 1 King Fries + 4 Pepsi,Friends & Family Combo,1012.0,2 Chicken Whopper + 2 Crispy Chicken + 1 Chicken Fries + 1 King Fries + 4 Pepsi (M),0
Burger King,"Opposite To West Side, Shivaji Nagar",4.2,1000,2 Veg Whopper + 2Crispy Veg + 5pc Veggie Strips + 1 King Fries + 4 Medium Pepsi,Friends & Family Combo,872.0,2 Veg Whopper + 2 Crispy Veg + 5pc Veggie Strips + 1 King Fries + 4 Pepsi (M),0
Burger King,"Opposite To West Side, Shivaji Nagar",4.2,1000,1 Crispy Chicken + 1 Chocolate Thick Shake,Friends & Family Combo,218.0,1 Crispy Chicken + 1 Chocolate Thick Shake,0
Burger King,"Opposite To West Side, Shivaji Nagar",4.2,1000,1 Chicken Whopper + 1 Chocolate Thick Shake,Friends & Family Combo,328.0,1 Chicken Whopper + 1 Chocolate Thick Shake,0
Burger King,"Opposite To West Side, Shivaji Nagar",4.2,1000,1 Crispy Veg + 1 Chocolate Thick Shake,Friends & Family Combo,204.0,1 Crispy Veg + 1 Chocolate Thick Shake,0
Burger King,"Opposite To West Side, Shivaji Nagar",4.2,1000,1 Veg Whopper + 1 Chocolate Thick Shake,Friends & Family Combo,298.0,1 Veg Whopper + 1 Chocolate Thick Shake,0
Burger King,"Opposite To West Side, Shivaji Nagar",4.2,1000,1 Paneer Overload Burger + 1 Chocolate Thick Shake,Friends & Family Combo,328.0,1 Paneer Overload Burger + 1 Chocolate Thick Shake,0
Burger King,"Opposite To West Side, Shivaji Nagar",4.2,1000,2 Lite Whopper Jr Chicken + 1 King Fries+ 1 Chicken Fries,Friends & Family Combo,416.0,2 Lite Whopper Jr Chicken + 1 King Fries+ 1 Chicken Fries,0
Burger King,"Opposite To West Side, Shivaji Nagar",4.2,1000,2 Crispy Chicken Double Patty + 1King Fries + 1 Chicken Fries,Friends & Family Combo,416.0,2 Crispy Chicken Double Patty + 1King Fries + 1 Chicken Fries,0
Burger King,"Opposite To West Side, Shivaji Nagar",4.2,1000,2 Crispy Veg Double Patty + 1King Fries + 1Veggie strips,Friends & Family Combo,298.0,2 Crispy Veg Double Patty + 1King Fries + 1Veggie strips,0
Burger King,"Opposite To West Side, Shivaji Nagar",4.2,1000,2 Lite Whopper Jr Veg + 1 King Fries + 1 Veggie strips,Friends & Family Combo,366.0,2 Lite Whopper Jr Veg + 1 King Fries + 1 Veggie strips,0
Burger King,"Opposite To West Side, Shivaji Nagar",4.2,1000,2 Crispy Veg Double Patty + 1 King Fries +1Chocolate mousse cup,Friends & Family Combo,358.0,2 Crispy Veg Double Patty + 1 King Fries +1Chocolate mousse cup,0
Burger King,"Opposite To West Side, Shivaji Nagar",4.2,1000,2 Crispy Chicken + 1 King Fries +1Chocolate mousse cup,Friends & Family Combo,368.0,2 Crispy Chicken + 1 King Fries +1Chocolate mousse cup,0
Burger King,"Opposite To West Side, Shivaji Nagar",4.2,1000,1 Cheese Meltdown + 1 Veggie Strips + 1  Chocolate Mousse cup,Friends & Family Combo,327.0,1 Cheese Meltdown +1 Veggie Strips + 1  Chocolate Mousse cup,0
Burger King,"Opposite To West Side, Shivaji Nagar",4.2,1000,1 Fiery Chicken +1  Chicken Fries + 1 Chocolate Mousse cup,Friends & Family Combo,367.0,1 Fiery Chicken + 1 Chicken Fries + 1 Chocolate Mousse cup,0
Burger King,"Opposite To West Side, Shivaji Nagar",4.2,1000,2Chicken Whopper + 2Pepsi + 1Cheesy fries + 2 Chocolate Chocolate Mousse Cup,Friends & Family Combo,823.0,2Chicken Whopper + 2Pepsi + 1Cheesy fries + 2 Chocolate Chocolate Mousse Cup,0
Burger King,"Opposite To West Side, Shivaji Nagar",4.2,1000,2Veg Whopper + 2Pepsi + 1Cheesy fries + 2 Chocolate Chocolate Mousse Cup,Friends & Family Combo,763.0,2Veg Whopper + 2Pepsi + 1Cheesy fries + 2 Chocolate Mousse Cup,0
Burger King,"Opposite To West Side, Shivaji Nagar",4.2,1000,Mutton Whopper,Whopper,299.0,Flame grilled signature Mutton patty Whopper,0
Burger King,"Opposite To West Side, Shivaji Nagar",4.2,1000,Twisted Whopper - Mutton,Whopper,339.0,"The biggest Whopper ever, Twisted Whopper, with xxl buns, crunchy chips, flame grilled mutton patty, cheese, loads of veggies & sauces. Big on flavours, big on bite",0
Burger King,"Opposite To West Side, Shivaji Nagar",4.2,1000,Mutton Whopper Double Patty,Whopper,389.0,"Two much mutton as delicious flame-grilled patties, farm-fresh veggies and mayo is what makes this Mutton Double Whopper a feast for the beast.",0
Burger King,"Opposite To West Side, Shivaji Nagar",4.2,1000,Chicken Whopper,Whopper,179.0,"Our signature Whopper with 7 layers between the buns. Flame Grilled chicken Patty, fresh onion, crispy lettuce, juicy tomatoes, tangy gherkins, creamy and smoky sauces with xxl buns. It’s Not A Burger, it’s a Whopper.",1
Burger King,"Opposite To West Side, Shivaji Nagar",4.2,1000,Chicken Whopper with Cheese,Whopper,199.0,"Our signature Whopper with 7 layers between the buns. Flame Grilled chicken Patty with Cheese slice, fresh onion, crispy lettuce, juicy tomatoes(seasonal), tangy gherkins, creamy and smoky sauces with xxl buns. It’s Not A Burger, it’s a Whopper.",0
Burger King,"Opposite To West Side, Shivaji Nagar",4.2,1000,Twisted Whopper - Chicken,Whopper,219.0,"The biggest Whopper ever, Twisted Whopper, with xxl buns, crunchy chips, flame grilled chicken patty, cheese, loads of veggies & sauces. Big on flavours, big on bite.",0
Burger King,"Opposite To West Side, Shivaji Nagar",4.2,1000,Chicken Whopper Double Patty,Whopper,239.0,"Our signature Whopper with 7 layers between the buns. Flame Grilled chicken Double Patty, fresh onion, crispy lettuce, juicy tomatoes(seasonal), tangy gherkins, creamy and smoky sauces with xxl buns. It’s Not A Burger, it’s a Whopper.",0
Burger King,"Opposite To West Side, Shivaji Nagar",4.2,1000,Veg Whopper,Whopper,149.0,"Our signature Whopper with 7 layers between the buns. Extra crunchy veg Patty, fresh onion, crispy lettuce, juicy tomatoes(seasonal), tangy gherkins, creamy and smoky sauces with xxl buns. It’s Not A Burger, it’s a Whopper.",0
Burger King,"Opposite To West Side, Shivaji Nagar",4.2,1000,Veg Whopper with Cheese,Whopper,169.0,"Our signature Whopper with 7 layers between the buns. Extra crunchy veg Patty with Cheese slice, fresh onion, crispy lettuce, juicy tomatoes, tangy gherkins, creamy and smoky sauces with xxl buns. It’s Not A Burger, it’s a Whopper.",0
Burger King,"Opposite To West Side, Shivaji Nagar",4.2,1000,Veg Whopper Double Patty,Whopper,199.0,"Our signature Whopper with 7 layers between the buns. Extra crunchy veg Double Patty, fresh onion, crispy lettuce, juicy tomatoes(seasonal), tangy gherkins, creamy and smoky sauces with xxl buns. It’s Not A Burger, it’s a Whopper.",0
Burger King,"Opposite To West Side, Shivaji Nagar",4.2,1000,Twisted Whopper - Veg,Whopper,199.0,"The biggest Whopper ever, Twisted Whopper, with xxl buns, crunchy chips, extra crunchy veg patty, cheese, loads of veggies & sauces. Big on flavours, big on bite.",0
Burger King,"Opposite To West Side, Shivaji Nagar",4.2,1000,Mutton Whopper - Combo,Meal Combos (Save Rs 35),428.0,"Save Rs 35 |Make room for our fully loaded Whopper with a juicy, flame-grilled Mutton Patty, tangy pickles, fresh veggies, mayo and ketchup served in fresh 5"" buns. Comes with Fries (M) + Pepsi (M)",0
Burger King,"Opposite To West Side, Shivaji Nagar",4.2,1000,Mutton Twisted Whopper Combo,Meal Combos (Save Rs 35),468.0,"Save Rs 35 It's sweet yet spicy, spicy yet sweet. Our Limited Time Twisted Mutton Whopper with crunchy chips, flame grilled mutton patty, cheese slice, tangy jalapenos, sweet spicy sauces, juicy tomatoes, crispy lettuce, xxl buns. Comes with Fries (M) + Pepsi (M)",0
Burger King,"Opposite To West Side, Shivaji Nagar",4.2,1000,Crispy Chicken Combo,Meal Combos (Save Rs 35),209.0,"Save Rs 35 |Our best-selling burger with crispy chicken patty, fresh onion and our signature sauce. Comes with Fries (M) + Pepsi (M)",0
Burger King,"Opposite To West Side, Shivaji Nagar",4.2,1000,Spicy Grill Chicken Burger Meal Combo,Meal Combos (Save Rs 35),228.0,Save Rs 35 |Flame Grilled chicken patty with BK spicy sauce makes this a grill classic.Comes with Fries (M) + Pepsi (M),0
Burger King,"Opposite To West Side, Shivaji Nagar",4.2,1000,BK Classic Chicken Combo,Meal Combos (Save Rs 35),228.0,"Save Rs 35 |Our tribute to classic american taste. BK chicken patty, garden fresh crispy lettuce, juicy tomato(seasonal) & our signature sauce. Comes with Fries (M) + Pepsi (M)",0
Burger King,"Opposite To West Side, Shivaji Nagar",4.2,1000,Lite Whopper Jr Chicken Combo,Meal Combos (Save Rs 35),248.0,"Save Rs 35 |Our signature Whopper with 7 layers between the buns in a convenient size. Flame Grilled chicken Patty, fresh onion, crispy lettuce, juicy tomatoes, tangy gherkins, creamy and smoky sauces. Comes with Fries (M) + Pepsi (M)",0
Burger King,"Opposite To West Side, Shivaji Nagar",4.2,1000,Chicken Tandoor Grill - Combo,Meal Combos (Save Rs 35),278.0,"Save Rs 35 |Desiness Alert! Flame grilled Tandoori Chicken, mint sauce with fresh onion  with our unique corn dust buns. An indulgent treat from our King's Collection! Comes with Fries (M) + Pepsi (M)",0
Burger King,"Opposite To West Side, Shivaji Nagar",4.2,1000,Big Smoky Grill Chicken Burger Combo,Meal Combos (Save Rs 35),288.0,Save Rs 35 |Our Big Burger with Flame Grilled smoky chicken patty & loads of sauces makes it a grill treat. Comes with Fries (M) + Pepsi (M),0
Burger King,"Opposite To West Side, Shivaji Nagar",4.2,1000,Chicken Whopper Combo,Meal Combos (Save Rs 35),308.0,"Save Rs 35 |Our signature Whopper with 7 layers between the buns. Flame Grilled chicken Patty, fresh onion, crispy lettuce, juicy tomatoes(seasonal), tangy gherkins, creamy and smoky sauces with xxl buns. It’s Not A Burger, it’s a Whopper. Comes with Fries (M) + Pepsi (M)",0
Burger King,"Opposite To West Side, Shivaji Nagar",4.2,1000,Fiery Chicken - Combo,Meal Combos (Save Rs 35),308.0,"Save Rs 35 |Too Hot to Handle. Our Spicy & Crunchy Chicken Patty topped with crispy lettuce, juicy tomatoes(seasonal) and creamy sauce with our unique corn dust buns. An indulgent treat from our King's Collection!Comes with Fries (M) + Pepsi (M)",0
Burger King,"Opposite To West Side, Shivaji Nagar",4.2,1000,Chicken Twisted Whopper Combo,Meal Combos (Save Rs 35),348.0,"Save Rs 35 |It's sweet yet spicy, spicy yet sweet. Our Limited Time Twisted Chicken Whopper with crunchy chips, flame grilled chicken patty, cheese slice, tangy jalapenos, sweet spicy sauces, juicy tomatoes, crispy lettuce, xxl buns. Comes with Fries (M) + Pepsi (M)",0
Burger King,"Opposite To West Side, Shivaji Nagar",4.2,1000,King Egg Combo,Meal Combos (Save Rs 35),188.0,Save Rs 35 | Freshly made egg patty burger. Comes with Fries (M) + Pepsi (M),0
Burger King,"Opposite To West Side, Shivaji Nagar",4.2,1000,Crispy Veg Combo,Meal Combos (Save Rs 35),184.0,"Save Rs 35 |Our best-selling burger with crispy veg patty, fresh onion and our signature sauce. Comes with Fries (M) + Pepsi (M)",0
Burger King,"Opposite To West Side, Shivaji Nagar",4.2,1000,BK Classic Veg Combo,Meal Combos (Save Rs 35),208.0,"Save Rs 35 |Our tribute to classic american taste. BK veg patty, garden fresh crispy lettuce, juicy tomato(seasonal) & our signature sauce. Comes with Fries (M) + Pepsi (M)",0
Burger King,"Opposite To West Side, Shivaji Nagar",4.2,1000,Lite Whopper Jr Veg Combo,Meal Combos (Save Rs 35),238.0,"Save Rs 35 |Our signature Whopper with 7 layers between the buns in a convenient size. Extra crunchy veg Patty, fresh onion, crispy lettuce, juicy tomatoes(seasonal), tangy gherkins, creamy and smoky sauces. Comes with Fries (M) + Pepsi (M)",0
Burger King,"Opposite To West Side, Shivaji Nagar",4.2,1000,Veg Whopper  Combo,Meal Combos (Save Rs 35),278.0,"Save Rs 35 |Our signature Whopper with 7 layers between the buns. Extra crunchy veg Patty, fresh onion, crispy lettuce, juicy tomatoes, tangy gherkins, creamy and smoky sauces with xxl buns. It’s Not A Burger, it’s a Whopper. Comes with Fries (M) + Pepsi (M)",0
Burger King,"Opposite To West Side, Shivaji Nagar",4.2,1000,Cheese Melt down combo,Meal Combos (Save Rs 35),298.0,"Save Rs 35 |Cheese oozing spicy veg patty, veggies and creamy sauce. An indulgent treat from our King's Collection! Comes with Fries (M) + Pepsi (M)",0
Burger King,"Opposite To West Side, Shivaji Nagar",4.2,1000,Paneer Overload Combo,Meal Combos (Save Rs 35),308.0,"Save Rs 35 |A patty with paneer sandiwched with masala, veggies and creamy sauce. An indulgent treat from our King's Collection!Comes with Fries (M) + Pepsi (M)",0
Burger King,"Opposite To West Side, Shivaji Nagar",4.2,1000,Veg Twisted Whopper Combo,Meal Combos (Save Rs 35),328.0,"Save Rs 35 |The biggest Whopper ever, Boss Whopper, with xxl buns, crunchy chips, extra crunchy veg patty, cheese, loads of veggies & sauces. Big on flavours, big on bite. Comes with Fries (M) + Pepsi (M)",0
Burger King,"Opposite To West Side, Shivaji Nagar",4.2,1000,Crispy Veg Burger,Burgers & Wraps,55.0,"Our best-selling burger with crispy veg patty, fresh onion and our signature sauce.",1
Burger King,"Opposite To West Side, Shivaji Nagar",4.2,1000,Crispy Chicken Burger,Burgers & Wraps,80.0,"Our best-selling burger with crispy chicken patty, fresh onion and our signature sauce.",1
Burger King,"Opposite To West Side, Shivaji Nagar",4.2,1000,BK Classic Chicken Burger,Burgers & Wraps,99.0,"Our tribute to classic american taste. BK chicken patty, garden fresh crispy lettuce, juicy tomato(seasonal) & our signature sauce.",0
Burger King,"Opposite To West Side, Shivaji Nagar",4.2,1000,Spicy Grill Chicken Burger,Burgers & Wraps,99.0,Flame Grilled chicken patty with BK spicy sauce makes this a grill classic.,0
Burger King,"Opposite To West Side, Shivaji Nagar",4.2,1000,Crispy Chicken with Cheese Burger,Burgers & Wraps,100.0,"Our best-selling burger with cheese slice, crispy chicken patty, onion and our signature sauce.",0
Burger King,"Opposite To West Side, Shivaji Nagar",4.2,1000,BK Classic Chicken with Cheese Burger,Burgers & Wraps,119.0,"Our tribute to classic american taste. BK chicken patty, garden fresh crispy lettuce, juicy tomato(seasonal), Cheese slice & our signature sauce.",0
Burger King,"Opposite To West Side, Shivaji Nagar",4.2,1000,Lite Whopper Jr Chicken,Burgers & Wraps,119.0,"Our signature Whopper with 7 layers between the buns in a convenient size. Flame Grilled chicken Patty, fresh onion, crispy lettuce, juicy tomatoes, tangy gherkins, creamy and smoky sauces.",0
Burger King,"Opposite To West Side, Shivaji Nagar",4.2,1000,Crispy Chicken Double Patty Burger,Burgers & Wraps,119.0,"Our best-selling burger with crispy chicken Double Patty, fresh onion and our signature sauce.",1
Burger King,"Opposite To West Side, Shivaji Nagar",4.2,1000,Crispy Chicken Double Patty with Cheese,Burgers & Wraps,139.0,"Our best-selling burger with crispy chicken Double Patty, Cheese slice, fresh onion and our signature sauce.",0
Burger King,"Opposite To West Side, Shivaji Nagar",4.2,1000,Lite Whopper Jr Chicken with Cheese,Burgers & Wraps,139.0,"Our signature Whopper with 7 layers between the buns in a convenient size. Flame Grilled chicken Patty, Cheese slice, fresh onion, crispy lettuce, juicy tomatoes(seasonal), tangy gherkins, creamy and smoky sauces.",0
Burger King,"Opposite To West Side, Shivaji Nagar",4.2,1000,Big Smoky Grill Chicken Burger,Burgers & Wraps,159.0,Our Big Burger with Flame Grilled smoky chicken patty & loads of sauces makes it a grill treat.,0
Burger King,"Opposite To West Side, Shivaji Nagar",4.2,1000,Lite Whopper Jr Chicken Double Patty,Burgers & Wraps,169.0,"Our signature Whopper with 7 layers between the buns in a convenient size. Flame Grilled chicken Double Patty, fresh onion, crispy lettuce, juicy tomatoes(seasonal), tangy gherkins, creamy and smoky sauces.",0
Burger King,"Opposite To West Side, Shivaji Nagar",4.2,1000,Fiery Chicken with Cheese Burger,Burgers & Wraps,199.0,"Too Hot to Handle. Our Spicy & Crunchy Chicken Patty topped with crispy lettuce, juicy tomatoes(seasonal), Cheese Slice and creamy sauce with our unique corn dust buns. An indulgent treat from our King's Collection!",0
Burger King,"Opposite To West Side, Shivaji Nagar",4.2,1000,Chicken Tandoor grill Double Patty,Burgers & Wraps,249.0,"Desiness Alert! Flame grilled Tandoori Double Chicken, mint sauce with fresh onion  with our unique corn dust buns. An indulgent treat from our King's Collection!",0
Burger King,"Opposite To West Side, Shivaji Nagar",4.2,1000,King Egg Burger,Burgers & Wraps,60.0,Freshly made egg patty burger,0
Burger King,"Opposite To West Side, Shivaji Nagar",4.2,1000,Crispy Veg Double Patty Burger,Burgers & Wraps,75.0,"Our best-selling burger with crispy veg Double patty, fresh onion and our signature sauce.",1
Burger King,"Opposite To West Side, Shivaji Nagar",4.2,1000,Crispy Veg with Cheese Burger,Burgers & Wraps,75.0,"Our best-selling burger withcrispy veg patty, Cheese slice, fresh onion and our signature sauce.",0
Burger King,"Opposite To West Side, Shivaji Nagar",4.2,1000,BK Classic Veg Burger,Burgers & Wraps,79.0,"Our tribute to classic american taste. BK veg patty, garden fresh crispy lettuce, juicy tomato(seasonal) & our signature sauce.",0
Burger King,"Opposite To West Side, Shivaji Nagar",4.2,1000,King Egg with Cheese,Burgers & Wraps,80.0,Freshly made egg patty burger with a slice of cheese,0
Burger King,"Opposite To West Side, Shivaji Nagar",4.2,1000,King Egg Double Patty Burger,Burgers & Wraps,80.0,Freshly made egg double patty burger,0
Burger King,"Opposite To West Side, Shivaji Nagar",4.2,1000,Crispy Veg Double Patty with Cheese,Burgers & Wraps,95.0,"Our best-selling burger with crispy veg Double patty, Cheese slice, fresh onion and our signature sauce.",0
Burger King,"Opposite To West Side, Shivaji Nagar",4.2,1000,Bk Classic Veg with cheese,Burgers & Wraps,99.0,"Our tribute to classic american taste. BK veg patty, garden fresh crispy lettuce, juicy tomato(seasonal), Cheese slice & our signature sauce.",0
Burger King,"Opposite To West Side, Shivaji Nagar",4.2,1000,Lite Whopper Jr Veg,Burgers & Wraps,109.0,"Our signature Whopper with 7 layers between the buns in a convenient size. Extra crunchy veg Patty, fresh onion, crispy lettuce, juicy tomatoes(seasonal), tangy gherkins, creamy and smoky sauces.",0
Burger King,"Opposite To West Side, Shivaji Nagar",4.2,1000,Lite Whopper Jr Veg with Cheese,Burgers & Wraps,129.0,"Our signature Whopper with 7 layers between the buns in a convenient size. Extra crunchy veg Patty, Cheese slice, fresh onion, crispy lettuce, juicy tomatoes(seasonal), tangy gherkins, creamy and smoky sauces.",0
Burger King,"Opposite To West Side, Shivaji Nagar",4.2,1000,Lite Whopper Jr Veg Double Patty,Burgers & Wraps,149.0,"Our signature Whopper with 7 layers between the buns in a convenient size. Extra crunchy veg Double Patty, fresh onion, crispy lettuce, juicy tomatoes(seasonal), tangy gherkins, creamy and smoky sauces.",0
Burger King,"Opposite To West Side, Shivaji Nagar",4.2,1000,Cheese Meltdown with Cheese Burger,Burgers & Wraps,189.0,"Cheese oozing spicy veg patty, veggies, Cheese slice and creamy sauce. An indulgent treat from our King's Collection!",0
Burger King,"Opposite To West Side, Shivaji Nagar",4.2,1000,Paneer Overload with Cheese Burger,Burgers & Wraps,199.0,"A patty with paneer sandiwched with masala, veggies, Cheese slice and creamy sauce. An indulgent treat from our King's Collection!",0
Burger King,"Opposite To West Side, Shivaji Nagar",4.2,1000,Chicken Makhani Burst Burger,What's New,80.0,Enjoy rich makhani flavour with crispy chicken patty topped with fresh onion,0
Burger King,"Opposite To West Side, Shivaji Nagar",4.2,1000,Crispy Chicken Wrap,What's New,80.0,"Wrap loaded with crispy chicken patty, crunchy onions and tangy sauce",0
Burger King,"Opposite To West Side, Shivaji Nagar",4.2,1000,Chicken Fries (5 Pcs) + 1 Dip,What's New,99.0,Chicken Fries 5 PCS + 1 Fiery Hell Dip,0
Burger King,"Opposite To West Side, Shivaji Nagar",4.2,1000,2 Dips Combo Pack,What's New,40.0,Easy Cheesy Dip + Fiery Hell Dip,0
Burger King,"Opposite To West Side, Shivaji Nagar",4.2,1000,Crispy veg Wrap,What's New,60.0,"Our crispy veg patty, topped with salad mix, our signature sauce wrapped in a grilled paratha",0
Burger King,"Opposite To West Side, Shivaji Nagar",4.2,1000,Chicken Makhani Burst Double Patty Burger,What's New,120.0,Enjoy rich makhani flavour with crispy chicken double patty topped with fresh onion,0
Burger King,"Opposite To West Side, Shivaji Nagar",4.2,1000,Boneless Wings(Regular) + 1 Dip,What's New,169.0,Boneless Wings Regular + 1 Sweet Spice Dip,0
Burger King,"Opposite To West Side, Shivaji Nagar",4.2,1000,Boneless Wings(Large) + 1 Dip,What's New,269.0,Boneless Wings(Large) + 1 Sweet Spice Dip,0
Burger King,"Opposite To West Side, Shivaji Nagar",4.2,1000,Veg Crunchy Volcano,What's New,60.0,"Be ready for a crunchy, saucy, explosion. A crunchy volcano shell filled with beans & veg mix, chef's secret sauce, fresh onion & crisp lettuce.",0
Burger King,"Opposite To West Side, Shivaji Nagar",4.2,1000,Tikki Twist Burger,What's New,60.0,"Tikki bhi, Twist bhi! Our new signature burger with spicy sauce, onion, mix veg patty & a crunchy twist!",0
Burger King,"Opposite To West Side, Shivaji Nagar",4.2,1000,Veg Makhani Burst Burger,What's New,60.0,Enjoy rich makhani flavour with mix veg patty topped up with fresh onion,0
Burger King,"Opposite To West Side, Shivaji Nagar",4.2,1000,Veggie Strips(5Pcs) + 1 Dip,What's New,69.0,Veggie Strips(5Pcs) + 1 Easy Cheesy Dip,0
Burger King,"Opposite To West Side, Shivaji Nagar",4.2,1000,Crunchy Chicken Volcano,What's New,80.0,No description available,0
Burger King,"Opposite To West Side, Shivaji Nagar",4.2,1000,King Egg Wrap,What's New,80.0,"A fresh and fluffy  egg patty loaded with juicy veggies, topped with a delightful spicy sauce, wrapped in a grilled paratha",0
Burger King,"Opposite To West Side, Shivaji Nagar",4.2,1000,Tikki Twist Double Patty Burger,What's New,80.0,"Tikki bhi, Twist bhi! Our new signature burger with spicy sauce, onion, mix veg double patty & a crunchy twist!",0
Burger King,"Opposite To West Side, Shivaji Nagar",4.2,1000,Veg Makhani Burst Double Patty Burger,What's New,80.0,Enjoy rich makhani flavour with mix veg double patty topped up with fresh onion,0
Burger King,"Opposite To West Side, Shivaji Nagar",4.2,1000,Chocolate Mousse Cup,What's New,109.0,Airy and creamy chocolate mousse topped with chocolate ganache and choco chips,0
Burger King,"Opposite To West Side, Shivaji Nagar",4.2,1000,Fries + Veg Strips + 2 Dips,What's New,174.0,1 Fries +4  Veg strips + 1 Sweet Spice Dip + 1 Easy Cheesy Dip,0
Burger King,"Opposite To West Side, Shivaji Nagar",4.2,1000,My Fries & Dips Pack,What's New,200.0,1 Fries + 2 Boneless Wings + 1 Fiery Hell Dip  +1  Easy cheesy Dip,0
Burger King,"Opposite To West Side, Shivaji Nagar",4.2,1000,My Fries & Dips Pack - Non Veg,What's New,204.0,1 Fries + 4 Chicken Fries + 1 Fiery Hell Dip + 1 Easy Cheesy Dip,0
Burger King,"Opposite To West Side, Shivaji Nagar",4.2,1000,Choco Lava Cup,What's New,109.0,Melty Chocolate filled in cupcake,0
Burger King,"Opposite To West Side, Shivaji Nagar",4.2,1000,Fiery Hell Dip,Sides,20.0,Chefs Special Spicy Sauce,0
Burger King,"Opposite To West Side, Shivaji Nagar",4.2,1000,Sweet N Spice Dip,Sides,20.0,Honey Mustard Sauce,0
Burger King,"Opposite To West Side, Shivaji Nagar",4.2,1000,Easy Cheesy Dip,Sides,20.0,Cheese & Jalapeno Sauce,0
Burger King,"Opposite To West Side, Shivaji Nagar",4.2,1000,Hashbrown,Sides,29.0,What every potato wants to be.,0
Burger King,"Opposite To West Side, Shivaji Nagar",4.2,1000,Veggie Strips - 5 Pcs,Sides,49.0,Vegetarian's favourite finger food.,0
Burger King,"Opposite To West Side, Shivaji Nagar",4.2,1000,Chicken Fries (5 Pcs),Sides,79.0,Chicken in a spicy new avatar.,1
Burger King,"Opposite To West Side, Shivaji Nagar",4.2,1000,Medium Fries,Sides,85.0,The perfect crispy partner.,1
Burger King,"Opposite To West Side, Shivaji Nagar",4.2,1000,King Fries,Sides,99.0,The perfect crispy partner.,0
Burger King,"Opposite To West Side, Shivaji Nagar",4.2,1000,Medium Peri Peri Fries,Sides,105.0,Crispy fries with peri peri spice. Hot indeed,1
Burger King,"Opposite To West Side, Shivaji Nagar",4.2,1000,Cheesy Fries,Sides,109.0,"Crispy french fries, loads of cheese, yum!",0
Burger King,"Opposite To West Side, Shivaji Nagar",4.2,1000,Creamy Italian  Fries,Sides,109.0,The lip-smacking duo of creamy classic mayo and tangy tomato herb mayo make these fries very hard to resist!,0
Burger King,"Opposite To West Side, Shivaji Nagar",4.2,1000,King Peri Peri Fries,Sides,119.0,Crispy fries with peri peri spice. Hot indeed,0
Burger King,"Opposite To West Side, Shivaji Nagar",4.2,1000,Med Pepsi,Beverages,79.0,No description available,0
Burger King,"Opposite To West Side, Shivaji Nagar",4.2,1000,King Pepsi 550 ml,Beverages,89.0,No description available,0
Burger King,"Opposite To West Side, Shivaji Nagar",4.2,1000,Chocolate Thick Shake,Beverages,149.0,Our signature chocolate thick shake.,0
Burger King,"Opposite To West Side, Shivaji Nagar",4.2,1000,Mango Thick Shake,Beverages,149.0,Our signature mango thick shake.,0
Burger King,"Opposite To West Side, Shivaji Nagar",4.2,1000,Berry Blast Thick Shake,Beverages,149.0,Rich Creamy Black Currant Thick shake,0
Burger King,"Opposite To West Side, Shivaji Nagar",4.2,1000,Choco Lava Cup,Desserts,109.0,Melty Chocolate filled in cupcake,0
Burger King,"Opposite To West Side, Shivaji Nagar",4.2,1000,Chocolate Mousse Cup,Desserts,109.0,Airy and creamy chocolate mousse topped with chocolate ganache and choco chips,0
Burger King,"Opposite To West Side, Shivaji Nagar",4.2,1000,Chicken Wings Grilled - Two Pieces,Chicken Wings,79.0,No description available,0
Burger King,"Opposite To West Side, Shivaji Nagar",4.2,1000,Boneless Wings Regular,Chicken Wings,149.0,4pcs Boneless Chicken Bites,0
Burger King,"Opposite To West Side, Shivaji Nagar",4.2,1000,Chicken Wings Grilled Four Pieces,Chicken Wings,149.0,No description available,0
Burger King,"Opposite To West Side, Shivaji Nagar",4.2,1000,Boneless Wings Large,Chicken Wings,249.0,7pcs Boneless Chicken Bites,0
Burger King,"Opposite To West Side, Shivaji Nagar",4.2,1000,Chicken Wings Grilled - Ten Pcs,Chicken Wings,349.0,No description available,0
Burger King,"Opposite To West Side, Shivaji Nagar",4.2,1000,Chicken Wings Grilled - Fifteen Pcs,Chicken Wings,529.0,No description available,0
Burger King,"Opposite To West Side, Shivaji Nagar",4.2,1000,Boneless Chicken Wings 10 pcs,Chicken Wings,369.0,No description available,0
Burger King,"Opposite To West Side, Shivaji Nagar",4.2,1000,Boneless Chicken Wings 15 pcs,Chicken Wings,519.0,No description available,0
The Belgian Waffle Co.,"V V Puram, Shankarapura",4.5,100,Yaaro Ka Waffle Combo,Recommended,449.0,Save Rs. 44 flat and enjoy the Top sellers with your tribe this Valentine. Combo includes Naked Nutella Waffle + Triple Chocolate Waffle + Red Velvet Waffle,0
The Belgian Waffle Co.,"V V Puram, Shankarapura",4.5,100,Ek Main Hu Aur Ekk Tu Combo,Recommended,349.0,Save Rs. 31 flat and enjoy the delicious Waffle Sundaes. Combo Includes Rocky Road Sundae & Triple Cookie Sundae,0
The Belgian Waffle Co.,"V V Puram, Shankarapura",4.5,100,Keep Cake & Celebrate Valentines + 1 Free Delight,Recommended,530.0,"Choose any one double-layer waffle cake, Death by chocolate Waffle Cake / Red velvet waffle Cake / Kiki and Oreo Cream waffle cake and select 1 FREE waffle or pancake from our top picks.",0
The Belgian Waffle Co.,"V V Puram, Shankarapura",4.5,100,Chocolate Oats Pancake & Waffle Mix,Recommended,214.0,"Now enjoy your favourite, 100% vegetarian, original waffles and pancakes at home with the belgian waffle co. Pancake and waffle premix. This super easy 3-step premix requires you to just mix, cook, and enjoy! Try our original, multigrain or chocolate oats variants with toppings of your choice. Get 10% off on mrp.",0
The Belgian Waffle Co.,"V V Puram, Shankarapura",4.5,100,Milk Chocolate Spread,Recommended,236.55,"A delicious, creamy smooth spread from your favourite, The Belgian Waffle Co. Spread it onto your favourites or to magically transform something into your new favourite.",0
The Belgian Waffle Co.,"V V Puram, Shankarapura",4.5,100,Chocolate Waffle Crisps,Recommended,114.28,"Thin, crunchy, wholesome and delightfully addictive. Uniquely rich flavours that evoke nostalgic tastes. From the creators of the original waffwich, these baked waffle crisps with just the right chocolate drizzle make for the perfect bite-sized and versatile snack that is sure to hit the spot. Enjoy with coffee or tea, ice cream or cake, nut butters or spreads, or just on its delicious own.",0
The Belgian Waffle Co.,"V V Puram, Shankarapura",4.5,100,Stroopwafel x 4,Recommended,350.4,Introducing new thin and crispy waffle cookie sandwiched and drizzled with delicious chocolate! Pick any 4 of your choice.,0
The Belgian Waffle Co.,"V V Puram, Shankarapura",4.5,100,Belgian Chocolate Milk Waffle,Recommended,145.71,Classic crispy waffle + melted belgian milk chocolate. Simplicity at its best.,1
The Belgian Waffle Co.,"V V Puram, Shankarapura",4.5,100,Naked Nutella Waffle,Recommended,172.38,Classic crispy waffle + premium european chocolate hazelnut spread (add banana if you like). A universal favorite.,1
The Belgian Waffle Co.,"V V Puram, Shankarapura",4.5,100,Kitkat Waffle,Recommended,155.24,Classic crispy waffle + melted belgian white chocolate and kit kat bits. Kit kat lovers.,1
The Belgian Waffle Co.,"V V Puram, Shankarapura",4.5,100,Dark & White Fantasy Waffle,Recommended,155.24,Signature dark chocolate batter + fondant of melted belgian white chocolate. A match made in heaven.,0
The Belgian Waffle Co.,"V V Puram, Shankarapura",4.5,100,Triple Chocolate Waffle,Recommended,165.71,"Signature dark chocolate batter + 3 layers of white, milk and dark melted belgian chocolate. The most indulgent chocolate waffle.",1
The Belgian Waffle Co.,"V V Puram, Shankarapura",4.5,100,Red Velvet Waffle,Recommended,155.24,Original red velvet waffle + philadelphia style cream cheese and melted belgian white chocolate. A true original.,1
The Belgian Waffle Co.,"V V Puram, Shankarapura",4.5,100,Pink Almond Crunch Waffle,Recommended,145.71,Original Red Velvet Waffle + Roasted Almond bits in a creamy cotton candy filling. Re-live your childhood memories,0
The Belgian Waffle Co.,"V V Puram, Shankarapura",4.5,100,Cashewnut Butter Waffle,Recommended,165.71,Classic crispy waffle + creamy cashewnut butter with melted chocolate swirl.,0
The Belgian Waffle Co.,"V V Puram, Shankarapura",4.5,100,Rocky Road Waffle,Recommended,184.76,Signature Dark Chocolate Waffles + Vanilla Ice Cream + Oreos + Roasted Almonds + Fudge. Simply Majestic.,0
The Belgian Waffle Co.,"V V Puram, Shankarapura",4.5,100,Chocolate Mini Waffle Combo Pack of 4,Recommended,309.52,"Cant pick one try a carefully curated assortment of our bestseller chocolate favorites. Includes our naked nutella, belgian chocolate, chocolate overload and dark & white fantasy mini waffles all in one combo pack.",1
The Belgian Waffle Co.,"V V Puram, Shankarapura",4.5,100,Assorted Mini Waffle Combo Pack of 6,Recommended,439.05,"In the mood for variety try a carefully curated and eclectic range of some of our fan favorites. Includes our naked nutella, belgian chocolate, chcoolate overload, dark & white fantasy, red velvet, pink almond crunch all in one combo pack.",0
The Belgian Waffle Co.,"V V Puram, Shankarapura",4.5,100,Triple Chocolate Pancakes (8 Pcs),Recommended,136.19,"Signature dark chocolate batter + 3 layers of white, milk and dark melted belgian chocolate. The most indulgent mini chocolate pancakes.",0
The Belgian Waffle Co.,"V V Puram, Shankarapura",4.5,100,Ice Cream And Fudge Chocolate Pancakes (8Pcs),Recommended,125.71,Classic mini pancakes + a thick layer of chocolate ice cream topped with chocolate fudge. A dreamy combination.,0
The Belgian Waffle Co.,"V V Puram, Shankarapura",4.5,100,Ice Cream And Fudge Vanilla Pancakes (8Pcs),Recommended,125.71,Classic mini pancakes + a thick layer of vanilla ice cream topped with chocolate fudge. A dreamy combination.,0
The Belgian Waffle Co.,"V V Puram, Shankarapura",4.5,100,Triple Cookie Mini Pancake,Recommended,165.71,"Original red velvet mini pancake + a divine combination of biscoff, oreo and kit kat bits in melted white chocolate and vanilla ice cream. A must try symphony of flavours and textures.",0
The Belgian Waffle Co.,"V V Puram, Shankarapura",4.5,100,Death By Chocolate Waffle Cake(Double Layer),Recommended,529.52,"Signature dark chocolate double layer waffle cake layered inside and out with creamy White, Milk and Dark melted Belgian Chocolate. Triple the chocolate, triple the fun! Sorry! Our specialised Waffle Cake do not allow for customised icing messages.",0
The Belgian Waffle Co.,"V V Puram, Shankarapura",4.5,100,Red Velvet Waffle Cake(Single Layer),Recommended,330.48,Original Red Velvet single layer waffle cake layered with Philadelphia style cream cheese and melted white chocolate topped with red velvet crumbs. A true Original! Sorry! Our specialised Waffle Cake do not allow for customised icing messages.,0
The Belgian Waffle Co.,"V V Puram, Shankarapura",4.5,100,Belgian Chocolate Shake,Recommended,160.95,One of our darker chocolate shakes made with belgian chocolate.,0
The Belgian Waffle Co.,"V V Puram, Shankarapura",4.5,100,Signature Cold Coffee,Recommended,130.48,Our perfectly balanced cold coffee.,0
The Belgian Waffle Co.,"V V Puram, Shankarapura",4.5,100,Stroopwafel Box Of 6- Chocolate  ,Recommended,533.0,"Indulge in our newly launched stroopwafels. The chocolate pack of 6 includes 2 pieces of sir chocolate dark, sir chocolat milk and voila nutella.",0
The Belgian Waffle Co.,"V V Puram, Shankarapura",4.5,100,Stroopwafel Box Of 6- Assorted  ,Recommended,514.0,"Indulge in our newly launched stroopwafels. The assorted pack of 6 includes sir chocolat milk, sir chocolate dark, sir chocolat white, the red dutchess, voila Nutella and kiki and cream.",0
The Belgian Waffle Co.,"V V Puram, Shankarapura",4.5,100,Happiness In Mini Version + 1 Free Delight,Recommended,456.0,Buy Chocolate Mini Waffle Combo pack of 6 and select 1 FREE waffle or pancake from our top picks.,0
The Belgian Waffle Co.,"V V Puram, Shankarapura",4.5,100,Keep Cake & Celebrate + 1 Free Delight        ,Recommended,529.52,"Choose any one double-layer waffle cake, Death by chocolate Waffle Cake / Red velvet waffle Cake / Kiki and Oreo Cream waffle cake and select 1 FREE waffle or pancake from our top picks.",0
The Belgian Waffle Co.,"V V Puram, Shankarapura",4.5,100,3 Belgian Chocolate Milk Waffle + 1 Free Delight         ,Recommended,437.14,Buy belgian chocolate waffle & select 1 free waffle or pancake from our top picks,0
The Belgian Waffle Co.,"V V Puram, Shankarapura",4.5,100,3 Belgian Chocolate Dark Waffle + 1 Free Delight                ,Recommended,437.14,Buy belgian chocolate waffle & select 1 free waffle or pancake from our top picks,0
The Belgian Waffle Co.,"V V Puram, Shankarapura",4.5,100,Triple Flavour Festivities + 1 Free Delight,Recommended,466.67,"Buy triple chocolate, red velvet, Kiki & Oreo Cream Waffle & select 1 free waffle or pancake from our top picks.",0
The Belgian Waffle Co.,"V V Puram, Shankarapura",4.5,100,Signature Waffles + 1 FREE Delight,Recommended,447.0,Pink almond crunch waffle + Dark & White Fantasy waffle + Belgian chocolate waffle (dark) and select 1 FREE waffle or pancake from our top picks.,0
The Belgian Waffle Co.,"V V Puram, Shankarapura",4.5,100,Triple Chocolate Waffle + Belgian Chocolate Shake,Recommended,326.67,No description available,0
The Belgian Waffle Co.,"V V Puram, Shankarapura",4.5,100,Nutella Fix - Combo of 3,Recommended,547.62,Naked nutella waffle + naked nutella pancake + nutella shake,0
The Belgian Waffle Co.,"V V Puram, Shankarapura",4.5,100,Yaaro Ka Waffle Combo,Valentines Specials,449.0,Save Rs. 44 flat and enjoy the Top sellers with your tribe this Valentine. Combo includes Naked Nutella Waffle + Triple Chocolate Waffle + Red Velvet Waffle,0
The Belgian Waffle Co.,"V V Puram, Shankarapura",4.5,100,Ek Main Hu Aur Ekk Tu Combo,Valentines Specials,349.0,Save Rs. 31 flat and enjoy the delicious Waffle Sundaes. Combo Includes Rocky Road Sundae & Triple Cookie Sundae,0
The Belgian Waffle Co.,"V V Puram, Shankarapura",4.5,100,Keep Cake & Celebrate Valentines + 1 Free Delight,Valentines Specials,530.0,"Choose any one double-layer waffle cake, Death by chocolate Waffle Cake / Red velvet waffle Cake / Kiki and Oreo Cream waffle cake and select 1 FREE waffle or pancake from our top picks.",0
The Belgian Waffle Co.,"V V Puram, Shankarapura",4.5,100,Chocolate Oats Pancake & Waffle Mix,Make at Home Specials,214.0,"Now enjoy your favourite, 100% vegetarian, original waffles and pancakes at home with the belgian waffle co. Pancake and waffle premix. This super easy 3-step premix requires you to just mix, cook, and enjoy! Try our original, multigrain or chocolate oats variants with toppings of your choice. Get 10% off on mrp.",0
The Belgian Waffle Co.,"V V Puram, Shankarapura",4.5,100,Milk Chocolate Spread,Make at Home Specials,236.55,"A delicious, creamy smooth spread from your favourite, The Belgian Waffle Co. Spread it onto your favourites or to magically transform something into your new favourite.",0
The Belgian Waffle Co.,"V V Puram, Shankarapura",4.5,100,Dark Chocolate Spread,Make at Home Specials,236.55,"A delicious, creamy smooth spread from your favourite, The Belgian Waffle Co. Spread it onto your favourites or to magically transform something into your new favourite.",0
The Belgian Waffle Co.,"V V Puram, Shankarapura",4.5,100,Kiki & Cream Spread,Make at Home Specials,236.55,"A delicious, creamy smooth spread from your favourite, The Belgian Waffle Co. Spread it onto your favourites or to magically transform something into your new favourite.",0
The Belgian Waffle Co.,"V V Puram, Shankarapura",4.5,100,Chocolate Waffle Crisps,Waffle Crisps,114.28,"Thin, crunchy, wholesome and delightfully addictive. Uniquely rich flavours that evoke nostalgic tastes. From the creators of the original waffwich, these baked waffle crisps with just the right chocolate drizzle make for the perfect bite-sized and versatile snack that is sure to hit the spot. Enjoy with coffee or tea, ice cream or cake, nut butters or spreads, or just on its delicious own.",0
The Belgian Waffle Co.,"V V Puram, Shankarapura",4.5,100,Double Chocolate Waffle Crisps,Waffle Crisps,114.28,"Thin, crunchy, wholesome and delightfully addictive. Uniquely rich flavours that evoke nostalgic tastes. From the creators of the original waffwich, these baked waffle crisps with just the right chocolate drizzle make for the perfect bite-sized and versatile snack that is sure to hit the spot. Enjoy with coffee or tea, ice cream or cake, nut butters or spreads, or just on its delicious own.",0
The Belgian Waffle Co.,"V V Puram, Shankarapura",4.5,100,Stroopwafel x 2,Stroopwafel,175.0,Introducing new thin and crispy waffle cookie sandwiched and drizzled with delicious chocolate! Pick any 2 of your choice.,0
The Belgian Waffle Co.,"V V Puram, Shankarapura",4.5,100,Stroopwafel x 4,Stroopwafel,350.4,Introducing new thin and crispy waffle cookie sandwiched and drizzled with delicious chocolate! Pick any 4 of your choice.,0
The Belgian Waffle Co.,"V V Puram, Shankarapura",4.5,100,Honey Butter Waffle,Waffles,107.62,Classic crispy waffle + warm melted butter with a golden honey drizzle. An american classic.,0
The Belgian Waffle Co.,"V V Puram, Shankarapura",4.5,100,Maple Butter Waffle,Waffles,107.62,Classic crispy waffle + warm melted butter with maple syrup drizzle. An american classic.,1
The Belgian Waffle Co.,"V V Puram, Shankarapura",4.5,100,Strawberry Creamcheese Waffle,Waffles,155.24,Classic crispy waffle + strawberry compote layered with philadelphia style cream cheese. Deliciously tart.,0
The Belgian Waffle Co.,"V V Puram, Shankarapura",4.5,100,Blueberry Creamcheese Waffle,Waffles,164.76,Classic crispy waffle + blueberry compote layered with philadelphia style cream cheese. Deliciously tart.,0
The Belgian Waffle Co.,"V V Puram, Shankarapura",4.5,100,Belgian Chocolate Milk Waffle,Waffles,145.71,Classic crispy waffle + melted belgian milk chocolate. Simplicity at its best.,1
The Belgian Waffle Co.,"V V Puram, Shankarapura",4.5,100,Belgian Chocolate Dark Waffle,Waffles,145.71,Classic crispy waffle + melted belgian dark chocolate. Darker simplicity.,0
The Belgian Waffle Co.,"V V Puram, Shankarapura",4.5,100,Butterscotch Crunch Waffle,Waffles,135.24,Classic crispy waffle + crunchy butterscotch fudge. Go on indulge.,0
The Belgian Waffle Co.,"V V Puram, Shankarapura",4.5,100,Coffee Mocha Waffle,Waffles,145.71,Classic crispy waffle + melted chocolate infused with coffee crumbs. For coffee lovers.,1
The Belgian Waffle Co.,"V V Puram, Shankarapura",4.5,100,Naked Nutella Waffle,Waffles,172.38,Classic crispy waffle + premium european chocolate hazelnut spread (add banana if you like). A universal favorite.,1
The Belgian Waffle Co.,"V V Puram, Shankarapura",4.5,100,Kitkat Waffle,Waffles,155.24,Classic crispy waffle + melted belgian white chocolate and kit kat bits. Kit kat lovers.,1
The Belgian Waffle Co.,"V V Puram, Shankarapura",4.5,100,Chocolate Overload Milk Waffle,Waffles,155.24,Signature dark chocolate batter + melted belgian milk chocolate. Double the chocolate.,0
The Belgian Waffle Co.,"V V Puram, Shankarapura",4.5,100,Chocolate Overload Dark Waffle,Waffles,155.24,Signature dark chocolate batter + melted belgian dark chocolate. Double the chocolate.,0
The Belgian Waffle Co.,"V V Puram, Shankarapura",4.5,100,Dark & White Fantasy Waffle,Waffles,155.24,Signature dark chocolate batter + fondant of melted belgian white chocolate. A match made in heaven.,0
The Belgian Waffle Co.,"V V Puram, Shankarapura",4.5,100,Triple Chocolate Waffle,Waffles,165.71,"Signature dark chocolate batter + 3 layers of white, milk and dark melted belgian chocolate. The most indulgent chocolate waffle.",1
The Belgian Waffle Co.,"V V Puram, Shankarapura",4.5,100,Biscoff Milkyway Waffle,Waffles,155.24,Signature black velvet waffle + fondant of melted white chocolate filled with crunchy lotus biscoff bits. An all time favourite.,0
The Belgian Waffle Co.,"V V Puram, Shankarapura",4.5,100,Kiki And Oreo Cream Waffle,Waffles,145.71,Signature black velvet waffle + our special blue filling with crunchy oreo bits. Kiki do you love me.,1
The Belgian Waffle Co.,"V V Puram, Shankarapura",4.5,100,Red Velvet Waffle,Waffles,155.24,Original red velvet waffle + philadelphia style cream cheese and melted belgian white chocolate. A true original.,1
The Belgian Waffle Co.,"V V Puram, Shankarapura",4.5,100,Pink Almond Crunch Waffle,Waffles,145.71,Original Red Velvet Waffle + Roasted Almond bits in a creamy cotton candy filling. Re-live your childhood memories,0
The Belgian Waffle Co.,"V V Puram, Shankarapura",4.5,100,Cashewnut Butter Waffle,Waffles,165.71,Classic crispy waffle + creamy cashewnut butter with melted chocolate swirl.,0
The Belgian Waffle Co.,"V V Puram, Shankarapura",4.5,100,Almond Cocoa Butter Waffle,Waffles,165.71,Classic crispy waffle + cocoa butter topped with roasted almonds. Healthier and delicious.,0
The Belgian Waffle Co.,"V V Puram, Shankarapura",4.5,100,Peanut Butter Waffle,Waffles,145.71,Classic crispy waffle + crunchy roasted peanut butter with melted chocolate swirl (add banana if you like).,0
The Belgian Waffle Co.,"V V Puram, Shankarapura",4.5,100,Ice Cream And Fudge Chocolate Waffle,Waffles,165.71,Classic crispy waffle + a thick layer of Chocolate ice cream topped with chocolate fudge. A dreamy combination.,0
The Belgian Waffle Co.,"V V Puram, Shankarapura",4.5,100,Triple Cookie Waffle,Waffles,195.24,"Original red velvet waffle + a divine combination of biscoff, oreo and kit kat bits in melted white chocolate and vanilla ice cream. A must try symphony of flavours and textures.",0
The Belgian Waffle Co.,"V V Puram, Shankarapura",4.5,100,Ice Cream And Fudge Vanilla Waffle,Waffles,165.71,Classic crispy waffle + a thick layer of vanilla ice cream topped with chocolate fudge. A dreamy combination.,0
The Belgian Waffle Co.,"V V Puram, Shankarapura",4.5,100,Rocky Road Waffle,Waffles,184.76,Signature Dark Chocolate Waffles + Vanilla Ice Cream + Oreos + Roasted Almonds + Fudge. Simply Majestic.,0
The Belgian Waffle Co.,"V V Puram, Shankarapura",4.5,100,Chocolate Mini Waffle Combo Pack of 4,Mini Waffles,309.52,"Cant pick one try a carefully curated assortment of our bestseller chocolate favorites. Includes our naked nutella, belgian chocolate, chocolate overload and dark & white fantasy mini waffles all in one combo pack.",1
The Belgian Waffle Co.,"V V Puram, Shankarapura",4.5,100,Assorted Mini Waffle Combo Pack of 4,Mini Waffles,301.9,"In the mood for variety try a carefully curated and eclectic range of some of our fan favorites. Includes our belgian chocolate, almond cocoa butter, red velvet & pink almond crunch all in one combo pack.",0
The Belgian Waffle Co.,"V V Puram, Shankarapura",4.5,100,Chocolate Mini Waffle Combo Pack of 6,Mini Waffles,456.19,"Cant pick one try a carefully curated assortment of our bestseller chocolate favorites. Includes our naked nutella, belgian chocolate milk & dark, chocolate overload, kitkat and dark & white fantasy mini waffles all in one combo pack.",0
The Belgian Waffle Co.,"V V Puram, Shankarapura",4.5,100,Assorted Mini Waffle Combo Pack of 6,Mini Waffles,439.05,"In the mood for variety try a carefully curated and eclectic range of some of our fan favorites. Includes our naked nutella, belgian chocolate, chcoolate overload, dark & white fantasy, red velvet, pink almond crunch all in one combo pack.",0
The Belgian Waffle Co.,"V V Puram, Shankarapura",4.5,100,Honey Butter Pancakes (8 Pcs),Mini Pancakes,88.57,Classic mini pancakes + warm melted butter with honey drizzle. An american classic.,0
The Belgian Waffle Co.,"V V Puram, Shankarapura",4.5,100,Maple Butter Pancakes (8 Pcs),Mini Pancakes,88.57,Classic mini pancakes + warm melted butter with maple syrup drizzle. An american classic.,0
The Belgian Waffle Co.,"V V Puram, Shankarapura",4.5,100,Strawberry Creamcheese Pancakes (8 Pcs),Mini Pancakes,135.24,Classic mini pancakes + strawberry compote layered with philadelphia style cream cheese. Deliciously tart.,0
The Belgian Waffle Co.,"V V Puram, Shankarapura",4.5,100,Blueberry Creamcheese Pancakes (8 Pcs),Mini Pancakes,145.71,Classic mini pancakes + blueberry compote layered with philadelphia style cream cheese. Deliciously tart.,0
The Belgian Waffle Co.,"V V Puram, Shankarapura",4.5,100,Belgian Chocolate - Milk Pancakes (8 Pcs),Mini Pancakes,116.19,Classic mini pancakes + melted belgian milk chocolate. Simplicity at its best.,1
The Belgian Waffle Co.,"V V Puram, Shankarapura",4.5,100,Belgian Chocolate - Dark Pancakes (8 Pcs),Mini Pancakes,116.19,Classic mini pancakes + melted belgian dark chocolate. Darker simplicity.,0
The Belgian Waffle Co.,"V V Puram, Shankarapura",4.5,100,Butterscotch Crunch Pancakes (8 Pcs),Mini Pancakes,108.57,Classic mini pancakes + crunchy butterscotch fudge. Go on indulge.,0
The Belgian Waffle Co.,"V V Puram, Shankarapura",4.5,100,Coffee Mocha Pancakes (8 Pcs),Mini Pancakes,116.19,Classic mini pancakes + melted chocolate infused with coffee crumbs. For coffee lovers.,0
The Belgian Waffle Co.,"V V Puram, Shankarapura",4.5,100,Naked Nutella Pancakes (8 Pcs),Mini Pancakes,156.19,Classic mini pancakes + premium european chocolate hazelnut spread (add banana if you like) a universal favorite.,0
The Belgian Waffle Co.,"V V Puram, Shankarapura",4.5,100,Kitkat Pancakes (8 Pcs),Mini Pancakes,125.71,Classic mini pancakes + melted belgian white chocolate and kit kat bits. Kit kat lovers.,0
The Belgian Waffle Co.,"V V Puram, Shankarapura",4.5,100,Chocolate Overload- Milk Pancakes (8 Pcs),Mini Pancakes,125.71,Signature dark chocolate batter + melted belgian milk chocolate. Double the choclate.,0
The Belgian Waffle Co.,"V V Puram, Shankarapura",4.5,100,Chocolate Overload - Dark Pancakes (8 Pcs),Mini Pancakes,125.71,Signature dark chocolate mini pancake + melted belgian dark chocolate. Double the chocolate,0
The Belgian Waffle Co.,"V V Puram, Shankarapura",4.5,100,Dark & White Fantasy Pancakes (8 Pcs),Mini Pancakes,125.71,Classic mini pancakes with signature dark chocolate batter + fondant of melted belgian white chocolate. A match made in heaven.,0
The Belgian Waffle Co.,"V V Puram, Shankarapura",4.5,100,Triple Chocolate Pancakes (8 Pcs),Mini Pancakes,136.19,"Signature dark chocolate batter + 3 layers of white, milk and dark melted belgian chocolate. The most indulgent mini chocolate pancakes.",0
The Belgian Waffle Co.,"V V Puram, Shankarapura",4.5,100,Kiki And Oreo Cream Pancakes (8 Pcs),Mini Pancakes,116.19,Signature black velvet waffle + our special blue filling with crunchy oreo bits. Kiki do you love me.,0
The Belgian Waffle Co.,"V V Puram, Shankarapura",4.5,100,Biscoff Milkyway Pancake (8Pcs),Mini Pancakes,124.76,Signature black velvet mini pancakes + fondant of melted white chocolate filled with crunchy lotus biscoff bits. An all time favourite.,0
The Belgian Waffle Co.,"V V Puram, Shankarapura",4.5,100,Red Velvet Pancakes (8 Pcs),Mini Pancakes,125.71,Original red velvet mini pancakes + melted belgian white chocolate. A true original.,0
The Belgian Waffle Co.,"V V Puram, Shankarapura",4.5,100,Pink Almond Crunch Pancake (8 Pcs),Mini Pancakes,125.71,Original red velvet waffle + roasted almond bits in a creamy cotton candy filling. Re live your childhood memories.,0
The Belgian Waffle Co.,"V V Puram, Shankarapura",4.5,100,Cashewnut Butter Pancake (8 Pcs),Mini Pancakes,145.71,Classic crispy pancake + creamy cashewnut butter with melted chocolate swirl.,0
The Belgian Waffle Co.,"V V Puram, Shankarapura",4.5,100,Almond Cocoa Butter Pancakes (8 Pcs),Mini Pancakes,136.19,Classic mini pancakes + cocoa butter topped with roasted almonds. An american classic.,0
The Belgian Waffle Co.,"V V Puram, Shankarapura",4.5,100,Peanut Butter Pancake (8 Pcs),Mini Pancakes,125.71,Classic crispy pancake + crunchy roasted peanut butter with melted chocolate swirl (add banana if you like).,0
The Belgian Waffle Co.,"V V Puram, Shankarapura",4.5,100,Ice Cream And Fudge Chocolate Pancakes (8Pcs),Mini Pancakes,125.71,Classic mini pancakes + a thick layer of chocolate ice cream topped with chocolate fudge. A dreamy combination.,0
The Belgian Waffle Co.,"V V Puram, Shankarapura",4.5,100,Rocky Road Pancakes (8Pcs),Mini Pancakes,156.19,Signature dark chocolate mini pancakes + vanilla ice cream + oreos + roasted almonds + fudge. Simply majestic.,0
The Belgian Waffle Co.,"V V Puram, Shankarapura",4.5,100,Ice Cream And Fudge Vanilla Pancakes (8Pcs),Mini Pancakes,125.71,Classic mini pancakes + a thick layer of vanilla ice cream topped with chocolate fudge. A dreamy combination.,0
The Belgian Waffle Co.,"V V Puram, Shankarapura",4.5,100,Triple Cookie Mini Pancake,Mini Pancakes,165.71,"Original red velvet mini pancake + a divine combination of biscoff, oreo and kit kat bits in melted white chocolate and vanilla ice cream. A must try symphony of flavours and textures.",0
The Belgian Waffle Co.,"V V Puram, Shankarapura",4.5,100,67% Less Sugar Belgian Chocolate Milk Waffle,Less Sugar Waffles And Pancakes,155.24,67% less sugar for the conscious chocoholic in a classic crispy waffle + melted belgian milk chocolate.,0
The Belgian Waffle Co.,"V V Puram, Shankarapura",4.5,100,67% Less Sugar Belgian Chocolate Dark Waffle,Less Sugar Waffles And Pancakes,155.24,67% less sugar for the conscious chocoholic in a classic crispy waffle + melted belgian dark chocolate.,0
The Belgian Waffle Co.,"V V Puram, Shankarapura",4.5,100,67% Less Sugar Chocolate Overload Milk Waffle,Less Sugar Waffles And Pancakes,165.71,"Double the chocolate,less than half the calories 67% less sugar with signature dark chocolate batter + melted belgian milk chocolate",0
The Belgian Waffle Co.,"V V Puram, Shankarapura",4.5,100,67% Less Sugar Chocolate Overload Dark Waffle,Less Sugar Waffles And Pancakes,165.71,"Double the chocolate, less than half the calories 67% less sugar with signature dark chocolate batter + melted belgian dark chocolate",0
The Belgian Waffle Co.,"V V Puram, Shankarapura",4.5,100,67% Less Sugar Belgian Chocolate Milk Pancakes (8 Pcs),Less Sugar Waffles And Pancakes,125.71,67% less sugar for the conscious chocoholic in a classic mini pancakes + melted belgian milk chocolate.,0
The Belgian Waffle Co.,"V V Puram, Shankarapura",4.5,100,67% Less Sugar Belgian Chocolate Dark Pancakes (8 Pcs),Less Sugar Waffles And Pancakes,125.71,67% less sugar for the conscious chocoholic in a classic mini pancakes + melted belgian dark chocolate.,0
The Belgian Waffle Co.,"V V Puram, Shankarapura",4.5,100,67% Less Sugar Chocolate Overload Milk Pancakes (8 Pcs),Less Sugar Waffles And Pancakes,136.19,"Double the chocolate, less than half the calories! 67% less sugar with signature dark chocolate batter + melted belgian milk chocolate.",0
The Belgian Waffle Co.,"V V Puram, Shankarapura",4.5,100,67% Less Sugar Chocolate Overload Dark Pancakes (8 Pcs),Less Sugar Waffles And Pancakes,136.19,"Double the chocolate, less than half the calories! 67% less sugar with signature dark chocolate batter + melted belgian dark chocolate.",0
The Belgian Waffle Co.,"V V Puram, Shankarapura",4.5,100,Death By Chocolate Waffle Cake(Single Layer),Waffle Cakes,330.48,"Signature dark chocolate single layer waffle cake layered with creamy White, Milk and Dark melted Belgian Chocolate. Triple the chocolate, triple the fun! Sorry! Our specialised Waffle Cake do not allow for customised icing messages.",0
The Belgian Waffle Co.,"V V Puram, Shankarapura",4.5,100,Death By Chocolate Waffle Cake(Double Layer),Waffle Cakes,529.52,"Signature dark chocolate double layer waffle cake layered inside and out with creamy White, Milk and Dark melted Belgian Chocolate. Triple the chocolate, triple the fun! Sorry! Our specialised Waffle Cake do not allow for customised icing messages.",0
The Belgian Waffle Co.,"V V Puram, Shankarapura",4.5,100,Red Velvet Waffle Cake(Single Layer),Waffle Cakes,330.48,Original Red Velvet single layer waffle cake layered with Philadelphia style cream cheese and melted white chocolate topped with red velvet crumbs. A true Original! Sorry! Our specialised Waffle Cake do not allow for customised icing messages.,0
The Belgian Waffle Co.,"V V Puram, Shankarapura",4.5,100,Red Velvet Waffle Cake(Double Layer),Waffle Cakes,529.52,Original Red Velvet double layer waffle cake layered with Philadelphia style cream cheese and melted white chocolate inside and out topped with red velvet crumbs. A true Original! Sorry! Our specialised Waffle Cake do not allow for customised icing messages.,0
The Belgian Waffle Co.,"V V Puram, Shankarapura",4.5,100,Kiki And Oreo Cream Waffle Cake (Single Layer),Waffle Cakes,330.48,Classic crispy single layer waffle cake layered thick with Kiki spread and topped with Crushed Oreos. A universal favorite! Sorry! Our specialised Waffle Cake do not allow for customised icing messages.,0
The Belgian Waffle Co.,"V V Puram, Shankarapura",4.5,100,Kiki And Oreo Cream Waffle Cake (Double Layer),Waffle Cakes,529.52,Classic crispy double layer waffle cake layered thick inside and out with Kiki spread and topped with Crushed Oreos. A universal favorite! Sorry! Our specialised Waffle Cake do not allow for customised icing messages.,0
The Belgian Waffle Co.,"V V Puram, Shankarapura",4.5,100,Oreo Shake,Beverages,160.95,Thick shake blended with tons of chocloate oreos.,0
The Belgian Waffle Co.,"V V Puram, Shankarapura",4.5,100,Belgian Chocolate Shake,Beverages,160.95,One of our darker chocolate shakes made with belgian chocolate.,0
The Belgian Waffle Co.,"V V Puram, Shankarapura",4.5,100,Banana Peanut Butter,Beverages,180.95,"Healthier indulgence, a delicious smoothie blended with bananas and roasted peanut butter.",0
The Belgian Waffle Co.,"V V Puram, Shankarapura",4.5,100,Kitkat Shake,Beverages,180.0,A chocolaty shake topped with kit kat bits.,0
The Belgian Waffle Co.,"V V Puram, Shankarapura",4.5,100,Blueberry White Chocolate,Beverages,180.0,A smoothie blended with bluberries and white chocolate.,0
The Belgian Waffle Co.,"V V Puram, Shankarapura",4.5,100,Nutella Shake,Beverages,219.05,Our signature shake made with real nutella.,0
The Belgian Waffle Co.,"V V Puram, Shankarapura",4.5,100,Signature Cold Coffee,Beverages,130.48,Our perfectly balanced cold coffee.,0
The Belgian Waffle Co.,"V V Puram, Shankarapura",4.5,100,Peach Iced Tea,Beverages,103.81,Refreshing peach iced tea.,0
The Belgian Waffle Co.,"V V Puram, Shankarapura",4.5,100,Lemon Iced Tea,Beverages,103.81,Refreshing lemon iced tea.,0
The Belgian Waffle Co.,"V V Puram, Shankarapura",4.5,100,Berry Lemonade,Beverages,130.48,Pink lemonade shaken with blueberries.,0
The Belgian Waffle Co.,"V V Puram, Shankarapura",4.5,100,Stroopwafel Box Of 6- Chocolate  ,Christmas Specials,533.0,"Indulge in our newly launched stroopwafels. The chocolate pack of 6 includes 2 pieces of sir chocolate dark, sir chocolat milk and voila nutella.",0
The Belgian Waffle Co.,"V V Puram, Shankarapura",4.5,100,Stroopwafel Box Of 6- Assorted  ,Christmas Specials,514.0,"Indulge in our newly launched stroopwafels. The assorted pack of 6 includes sir chocolat milk, sir chocolate dark, sir chocolat white, the red dutchess, voila Nutella and kiki and cream.",0
The Belgian Waffle Co.,"V V Puram, Shankarapura",4.5,100,Happiness In Mini Version + 1 Free Delight,Christmas Specials,456.0,Buy Chocolate Mini Waffle Combo pack of 6 and select 1 FREE waffle or pancake from our top picks.,0
The Belgian Waffle Co.,"V V Puram, Shankarapura",4.5,100,Keep Cake & Celebrate + 1 Free Delight        ,Christmas Specials,529.52,"Choose any one double-layer waffle cake, Death by chocolate Waffle Cake / Red velvet waffle Cake / Kiki and Oreo Cream waffle cake and select 1 FREE waffle or pancake from our top picks.",0
The Belgian Waffle Co.,"V V Puram, Shankarapura",4.5,100,3 Belgian Chocolate Milk Waffle + 1 Free Delight         ,Christmas Specials,437.14,Buy belgian chocolate waffle & select 1 free waffle or pancake from our top picks,0
The Belgian Waffle Co.,"V V Puram, Shankarapura",4.5,100,3 Belgian Chocolate Dark Waffle + 1 Free Delight                ,Christmas Specials,437.14,Buy belgian chocolate waffle & select 1 free waffle or pancake from our top picks,0
The Belgian Waffle Co.,"V V Puram, Shankarapura",4.5,100,Triple Flavour Festivities + 1 Free Delight,Christmas Specials,466.67,"Buy triple chocolate, red velvet, Kiki & Oreo Cream Waffle & select 1 free waffle or pancake from our top picks.",0
The Belgian Waffle Co.,"V V Puram, Shankarapura",4.5,100,Signature Waffles + 1 FREE Delight,Christmas Specials,447.0,Pink almond crunch waffle + Dark & White Fantasy waffle + Belgian chocolate waffle (dark) and select 1 FREE waffle or pancake from our top picks.,0
The Belgian Waffle Co.,"V V Puram, Shankarapura",4.5,100,Triple Chocolate Waffle + Belgian Chocolate Shake,BWC Specials,326.67,No description available,0
The Belgian Waffle Co.,"V V Puram, Shankarapura",4.5,100,Naked Nutella Waffle + Naked Nutella Pancake  ,BWC Specials,328.57,No description available,0
The Belgian Waffle Co.,"V V Puram, Shankarapura",4.5,100,Chocolate Trio Combo Of 3                           ,BWC Specials,425.71,Triple Chocolate Waffle + Naked Nutella Waffle + Sir Chocolate Milk Stroopwafel,0
The Belgian Waffle Co.,"V V Puram, Shankarapura",4.5,100,Nutella Fix - Combo of 3,BWC Specials,547.62,Naked nutella waffle + naked nutella pancake + nutella shake,0
The Belgian Waffle Co.,"V V Puram, Shankarapura",4.5,100,Triple Batter Bliss (Combo of 3),BWC Specials,446.67,Chocolate Overload Milk Waffle + Kiki & Oreo Cream Waffle + Belgian Chocolate Dark Waffle,0
The Belgian Waffle Co.,"V V Puram, Shankarapura",4.5,100,Chocomania Club - Combo of 4,BWC Specials,665.71,Belgian Chocolate Waffle (Milk) + Vanilla Ice Cream In Cup + Triple Chocolate Pancake + Naked Nutella Waffle + Belgian Chocolate Shake (Hygiene Packaging),0
Polar Bear,"VV Puram, Shankarapura",4.4,100,Choco Brownie Fudge,Recommended,185.0,"This piece of indulgence has a good twist of chocolate walnut brownie topped with chocolate ice cream with smooth chocolate fudge, Whipped cream, nuts and cherry.",0
Polar Bear,"VV Puram, Shankarapura",4.4,100,Chocozilla,Recommended,185.0,"Brace yourself for what only seems like Charlie's best from the factory. Chocolate ice cream, chocolate bar, gooey chocolate cake, chocolate sauce, Laced with whipped cream, with oreo chunk sprinkles and a rich garnish of chocolate waffle, Gems, Chocos and some more chocolate bar.",0
Polar Bear,"VV Puram, Shankarapura",4.4,100,Hot Chocolate Fudge (Regular),Recommended,135.0,Vanilla ice cream dressed in some inviting hot chocolate fudge and sprinkled generously with cashew nuts.,0
Polar Bear,"VV Puram, Shankarapura",4.4,100,Death By Chocolate,Recommended,210.0,"The Classic - A dangerous combination of vanilla ice cream and gallons of hot chocolate fudge, Armed with the yumminess of dark chocolate cake & roasted cashewnuts.",1
Polar Bear,"VV Puram, Shankarapura",4.4,100,Mango Berry,Recommended,155.0,"A crazy combination of Vanilla & Mango Ice Cream topped with the most sinful berries, Mango pulp and caramel crackle for that extra crunch.",0
Polar Bear,"VV Puram, Shankarapura",4.4,100,Gudbud,Recommended,165.0,"A mish mash of Vanilla, Strawberry & Pineapple Ice creams, Fruits and Dry Fruits topped with Pineapple pulp.",1
Polar Bear,"VV Puram, Shankarapura",4.4,100,Fruit Zest,Recommended,175.0,"A great mix of fruity goodness and topped generously with strawberry, mango and vanilla ice cream, and nuts!  Topped with pineapple fruit preparation.",0
Polar Bear,"VV Puram, Shankarapura",4.4,100,Lychee Sundae,Recommended,185.0,Velvety and silky smooth ice cream flavored with delicious chunks of fresh lychees.,0
Polar Bear,"VV Puram, Shankarapura",4.4,100,Dry Fruit Special,Recommended,175.0,"Fully loaded dry fruits like raisin, almonds, dates, and cashew with creamy vanilla ice cream fortified with cherry.",0
Polar Bear,"VV Puram, Shankarapura",4.4,100,Chocolate Tremor,Recommended,145.0,"Sinful combination of vanilla ice cream, chocolate sauce and roasted peanuts covered in a crunchy and nutty chocolate crust.",0
Polar Bear,"VV Puram, Shankarapura",4.4,100,Sundae Tub Tiramisu Grande,Recommended,297.0,"Lush Coffee Ice cream and dark chocolate cake drizzled with chocolate & mocha sauce, topped with chocolate shavings.",1
Polar Bear,"VV Puram, Shankarapura",4.4,100,Sundae Tub Berry Mascarpone,Recommended,297.0,"Cranberry Ice Cream, with dried cranberry & swirls of Cherry compote, Topped with White Chocolate Shavings.",0
Polar Bear,"VV Puram, Shankarapura",4.4,100,Sundae Tub Cranberry Cravings,Recommended,297.0,"Cranberry Ice Cream, with dried cranberry & swirls of Cherry compote, Topped with White Chocolate Shavings.",0
Polar Bear,"VV Puram, Shankarapura",4.4,100,Sundae Tub Gift Pack,Recommended,0.0,Start a Yummy Affair with our All New Gift Box. Choose any two flavours from our Sundae Tub Range.,0
Polar Bear,"VV Puram, Shankarapura",4.4,100,Caramel-Vanilla,Recommended,129.0,No description available,0
Polar Bear,"VV Puram, Shankarapura",4.4,100,Cookie Shake,Recommended,129.0,No description available,0
Polar Bear,"VV Puram, Shankarapura",4.4,100,Cold Coffee,Recommended,129.0,No description available,0
Polar Bear,"VV Puram, Shankarapura",4.4,100,Wild Strawberry,Recommended,129.0,No description available,0
Polar Bear,"VV Puram, Shankarapura",4.4,100,Chocolate,Recommended,149.0,No description available,0
Polar Bear,"VV Puram, Shankarapura",4.4,100,Red N White,Recommended,423.0,"Red velvet ice cream cake for every occasion! delectable layers of red velvet ice cream, red velvet cake, blueberries & white chocolate shavings to kick start the celebrations.",0
Polar Bear,"VV Puram, Shankarapura",4.4,100,DBC Shake,Recommended,179.0,No description available,0
Polar Bear,"VV Puram, Shankarapura",4.4,100,Black Forest Cake (Regular),Recommended,869.0,"Our take of the classic. Chocolate cake layered with creamy Vanilla Ice cream, enrobed in Chocolate Shavings and topped with Cherries.",0
Polar Bear,"VV Puram, Shankarapura",4.4,100,Chocolate Truffle Cake (Regular),Recommended,959.0,For the Chocolate Addicts. Sumptuous layers of Rich Chocolate Ice cream & Rich Chocolate Cake all covered with Premium Chocolate Ganache.,0
Polar Bear,"VV Puram, Shankarapura",4.4,100,Butterscotch Crunch,Recommended,869.0,Creamy Butterscotch ice cream layered between caramel sauce and vannila sopnge covered with soft cream & caramel crackles to add  that sweet crunch to your celebrations.,0
Polar Bear,"VV Puram, Shankarapura",4.4,100,Brownie Fudge,Chocolate Sundaes,175.0,"A classic favorite and for good reason, a foundation of chunky nutty walnut brownie, coated with vanilla ice cream, hot chocolate fudge and generously finished with dollops of whipped cream and a cherry, for extra cheer.",0
Polar Bear,"VV Puram, Shankarapura",4.4,100,Choco Brownie Fudge,Chocolate Sundaes,185.0,"This piece of indulgence has a good twist of chocolate walnut brownie topped with chocolate ice cream with smooth chocolate fudge, Whipped cream, nuts and cherry.",0
Polar Bear,"VV Puram, Shankarapura",4.4,100,Chocozilla,Chocolate Sundaes,185.0,"Brace yourself for what only seems like Charlie's best from the factory. Chocolate ice cream, chocolate bar, gooey chocolate cake, chocolate sauce, Laced with whipped cream, with oreo chunk sprinkles and a rich garnish of chocolate waffle, Gems, Chocos and some more chocolate bar.",0
Polar Bear,"VV Puram, Shankarapura",4.4,100,Cookie Monster,Chocolate Sundaes,185.0,"A drool worthy combination of crushed waffle cones, Smooth vanilla ice cream, Chocolate chips, Chocolate sponge and lots more topped with whipped cream and loaded with oreo cookies, Makes this one amazing creation.",0
Polar Bear,"VV Puram, Shankarapura",4.4,100,Hot Chocolate Fudge (Regular),Chocolate Sundaes,135.0,Vanilla ice cream dressed in some inviting hot chocolate fudge and sprinkled generously with cashew nuts.,0
Polar Bear,"VV Puram, Shankarapura",4.4,100,Hot Chocolate Fudge (Jumbo),Chocolate Sundaes,175.0,No description available,0
Polar Bear,"VV Puram, Shankarapura",4.4,100,Rocky Road,Chocolate Sundaes,175.0,"Coffee Brazilia, Chocolate & Vanilla Ice Creams topped with Roasted Almonds, Chocochip & drizzle of Mocha Sauce.",0
Polar Bear,"VV Puram, Shankarapura",4.4,100,Red Velvet Choco Sin,Chocolate Sundaes,185.0,Creamy vanilla ice cream and gallons of hot chocolate fudge with the yumminess of red velvet cake.,0
Polar Bear,"VV Puram, Shankarapura",4.4,100,My DBC,Death By Chocolate,175.0,No description available,0
Polar Bear,"VV Puram, Shankarapura",4.4,100,Death By Chocolate,Death By Chocolate,210.0,"The Classic - A dangerous combination of vanilla ice cream and gallons of hot chocolate fudge, Armed with the yumminess of dark chocolate cake & roasted cashewnuts.",1
Polar Bear,"VV Puram, Shankarapura",4.4,100,Mango Berry,Fruit Sundaes,155.0,"A crazy combination of Vanilla & Mango Ice Cream topped with the most sinful berries, Mango pulp and caramel crackle for that extra crunch.",0
Polar Bear,"VV Puram, Shankarapura",4.4,100,Gudbud,Fruit Sundaes,165.0,"A mish mash of Vanilla, Strawberry & Pineapple Ice creams, Fruits and Dry Fruits topped with Pineapple pulp.",1
Polar Bear,"VV Puram, Shankarapura",4.4,100,Fruit Zest,Fruit Sundaes,175.0,"A great mix of fruity goodness and topped generously with strawberry, mango and vanilla ice cream, and nuts!  Topped with pineapple fruit preparation.",0
Polar Bear,"VV Puram, Shankarapura",4.4,100,Lychee Sundae,Fruit Sundaes,185.0,Velvety and silky smooth ice cream flavored with delicious chunks of fresh lychees.,0
Polar Bear,"VV Puram, Shankarapura",4.4,100,Classic Banana Split,Fruit Sundaes,179.0,"Banana drizzled with Caramel Sauce with Vanilla, Strawberry & Chocolate Ice creams topped with Pineapple crush, Chocolate Sauce & strawberry sauce, whipped cream cherries & roasted cashewnuts.",0
Polar Bear,"VV Puram, Shankarapura",4.4,100,Pine Passion,Fruit Sundaes,145.0,No description available,0
Polar Bear,"VV Puram, Shankarapura",4.4,100,Dry Fruit Special,Fundaes,175.0,"Fully loaded dry fruits like raisin, almonds, dates, and cashew with creamy vanilla ice cream fortified with cherry.",0
Polar Bear,"VV Puram, Shankarapura",4.4,100,Butter Scotch Blast,Fundaes,165.0,"Butterscotch ice cream, caramel and chocolate toppings and cashewnuts.",0
Polar Bear,"VV Puram, Shankarapura",4.4,100,Ice Cream Pizza Slice,Fundaes,125.0,A cake for the base and topped with jelly and ice cream; The ice cream pizza.,0
Polar Bear,"VV Puram, Shankarapura",4.4,100,Banoffee Sundae,Fundaes,185.0,"Ripe Bananas , Roasted Almonds with Butterscotch & Vanilla Ice Cream and hot chocolate sauce, Caramel Sauce topped with Chocochips & whipped cream.",0
Polar Bear,"VV Puram, Shankarapura",4.4,100,Deep Purple,Fundaes,155.0,No description available,0
Polar Bear,"VV Puram, Shankarapura",4.4,100,Chocolate Blush,Knockout Sundaes,135.0,Strawberry ice cream and Rich chocolate cake covered with chocolate sauce and topped with cashew nuts.,0
Polar Bear,"VV Puram, Shankarapura",4.4,100,Caramel Peanut Twist,Knockout Sundaes,135.0,"Butterscotch ice cream and banana covered with caramel , mocha sauce and topped with caramel bits and roasted peanuts.",0
Polar Bear,"VV Puram, Shankarapura",4.4,100,Royale Dark Fantasy,Knockout Sundaes,135.0,"Chocolate lovers dream. Sinful combination of chocolate ice cream, rich chocolate cake and chocolate sauce topped with roasted peanuts",0
Polar Bear,"VV Puram, Shankarapura",4.4,100,Chocolate Tremor,Knockout Sundaes,145.0,"Sinful combination of vanilla ice cream, chocolate sauce and roasted peanuts covered in a crunchy and nutty chocolate crust.",0
Polar Bear,"VV Puram, Shankarapura",4.4,100,Triple Luv,Knockout Sundaes,145.0,"Triple delight of vanilla, Pista, and Fruit punch ice creams topped with dried fruits and drizzle of honey.",0
Polar Bear,"VV Puram, Shankarapura",4.4,100,Take Home Choco Almond Fudge Tub,Take Home 500ml Tubs,253.0,No description available,0
Polar Bear,"VV Puram, Shankarapura",4.4,100,Take Home Kulfi Tub,Take Home 500ml Tubs,253.0,No description available,0
Polar Bear,"VV Puram, Shankarapura",4.4,100,Take Home Vanilla Tub,Take Home 500ml Tubs,152.0,No description available,0
Polar Bear,"VV Puram, Shankarapura",4.4,100,Take Home Alphanso Mango Tub,Take Home 500ml Tubs,228.0,No description available,0
Polar Bear,"VV Puram, Shankarapura",4.4,100,Take Home Belgium Chocolate Tub,Take Home 500ml Tubs,253.0,No description available,0
Polar Bear,"VV Puram, Shankarapura",4.4,100,Take Home Butter Scotch Tub,Take Home 500ml Tubs,228.0,No description available,0
Polar Bear,"VV Puram, Shankarapura",4.4,100,Take Home Cookies-N-Cream Tub,Take Home 500ml Tubs,253.0,No description available,0
Polar Bear,"VV Puram, Shankarapura",4.4,100,Take Home Jack Fruit Tub,Take Home 500ml Tubs,253.0,No description available,0
Polar Bear,"VV Puram, Shankarapura",4.4,100,Take Home Vanilla -  No Added Sugar  ,Take Home 500ml Tubs,236.0,No description available,0
Polar Bear,"VV Puram, Shankarapura",4.4,100,Sundae Tub Bada Gudbud,Take Away Sundae Tubs,297.0,"A mish mash of vanilla & strawberry ice cream, pineapple pulp, and topped with dry fruits in a pre-packed ice cream sundae tub.",0
Polar Bear,"VV Puram, Shankarapura",4.4,100,Sundae Tub Brownie Fudge,Take Away Sundae Tubs,297.0,"Gooey chocolate walnut brownie, Topped with smooth vanilla ice cream and Chocolate fudge in a pre-packed ice cream sundae tub.",0
Polar Bear,"VV Puram, Shankarapura",4.4,100,Sundae tub Choco Blocka,Take Away Sundae Tubs,297.0,"Soft sponge chocolate cake, smooth and Creamy chocolate ice cream and Swirls of chocolate fudge in a pre-packed ice cream sundae tub.",0
Polar Bear,"VV Puram, Shankarapura",4.4,100,Sundae Tub Red Velvet,Take Away Sundae Tubs,297.0,No description available,0
Polar Bear,"VV Puram, Shankarapura",4.4,100,Sundae Tub Tiramisu Grande,Take Away Sundae Tubs,297.0,"Lush Coffee Ice cream and dark chocolate cake drizzled with chocolate & mocha sauce, topped with chocolate shavings.",1
Polar Bear,"VV Puram, Shankarapura",4.4,100,Sundae Tub Berry Mascarpone,Take Away Sundae Tubs,297.0,"Cranberry Ice Cream, with dried cranberry & swirls of Cherry compote, Topped with White Chocolate Shavings.",0
Polar Bear,"VV Puram, Shankarapura",4.4,100,Sundae Tub Cranberry Cravings,Take Away Sundae Tubs,297.0,"Cranberry Ice Cream, with dried cranberry & swirls of Cherry compote, Topped with White Chocolate Shavings.",0
Polar Bear,"VV Puram, Shankarapura",4.4,100,Seven Wonders,Family Sundaes,289.0,No description available,0
Polar Bear,"VV Puram, Shankarapura",4.4,100,Family Pizza,Family Sundaes,435.0,No description available,0
Polar Bear,"VV Puram, Shankarapura",4.4,100,Sundae Tub Gift Pack,Gifting,0.0,Start a Yummy Affair with our All New Gift Box. Choose any two flavours from our Sundae Tub Range.,0
Polar Bear,"VV Puram, Shankarapura",4.4,100,Caramel-Vanilla,Milk shakes,129.0,No description available,0
Polar Bear,"VV Puram, Shankarapura",4.4,100,Cookie Shake,Milk shakes,129.0,No description available,0
Polar Bear,"VV Puram, Shankarapura",4.4,100,Cold Coffee,Milk shakes,129.0,No description available,0
Polar Bear,"VV Puram, Shankarapura",4.4,100,Wild Strawberry,Milk shakes,129.0,No description available,0
Polar Bear,"VV Puram, Shankarapura",4.4,100,Chocolate,Milk shakes,149.0,No description available,0
Polar Bear,"VV Puram, Shankarapura",4.4,100,Red N White,Little Celeb Ice Cream Cakes,423.0,"Red velvet ice cream cake for every occasion! delectable layers of red velvet ice cream, red velvet cake, blueberries & white chocolate shavings to kick start the celebrations.",0
Polar Bear,"VV Puram, Shankarapura",4.4,100,Banana-Mango,Thick Shakes,159.0,No description available,0
Polar Bear,"VV Puram, Shankarapura",4.4,100,Red Velvet Cookie,Thick Shakes,179.0,No description available,0
Polar Bear,"VV Puram, Shankarapura",4.4,100,DBC Shake,Thick Shakes,179.0,No description available,0
Polar Bear,"VV Puram, Shankarapura",4.4,100,Add On Brownie Cake,Add On Toppings,50.0,No description available,0
Polar Bear,"VV Puram, Shankarapura",4.4,100,Add On Dark Chocolate Cake,Add On Toppings,50.0,No description available,0
Polar Bear,"VV Puram, Shankarapura",4.4,100,Add On Red Velvet Cake,Add On Toppings,50.0,No description available,0
Polar Bear,"VV Puram, Shankarapura",4.4,100,Topping Hot Chocolate Sauce,Add On Toppings,50.0,No description available,0
Polar Bear,"VV Puram, Shankarapura",4.4,100,Peri Peri Paneer,Submarine Sandwiches,125.0,No description available,0
Polar Bear,"VV Puram, Shankarapura",4.4,100,Roasted Veggies,Submarine Sandwiches,115.0,No description available,0
Polar Bear,"VV Puram, Shankarapura",4.4,100,Sandwich + Milkshake (both of your choice),Super Saver Combo,0.0,No description available,0
Polar Bear,"VV Puram, Shankarapura",4.4,100,Alphonso Mango Sorbet,Sorbet,65.0,Melt in the mouth alphonso mango cubes.,0
Polar Bear,"VV Puram, Shankarapura",4.4,100,Guava Chilli Sorbet,Sorbet,79.0,Yummy Guava sorbet cubes with a drizzle of chilly & salt.,0
Polar Bear,"VV Puram, Shankarapura",4.4,100,Alphonso Mango Chilli Sorbet,Sorbet,79.0,Melt in the mouth alphonso mango cubes  with a drizzle of chilly & salt.,0
Polar Bear,"VV Puram, Shankarapura",4.4,100,Black Forest Cake (Regular),Ice Cream Cakes,869.0,"Our take of the classic. Chocolate cake layered with creamy Vanilla Ice cream, enrobed in Chocolate Shavings and topped with Cherries.",0
Polar Bear,"VV Puram, Shankarapura",4.4,100,Chocolate Truffle Cake (Regular),Ice Cream Cakes,959.0,For the Chocolate Addicts. Sumptuous layers of Rich Chocolate Ice cream & Rich Chocolate Cake all covered with Premium Chocolate Ganache.,0
Polar Bear,"VV Puram, Shankarapura",4.4,100,Butterscotch Crunch,Ice Cream Cakes,869.0,Creamy Butterscotch ice cream layered between caramel sauce and vannila sopnge covered with soft cream & caramel crackles to add  that sweet crunch to your celebrations.,0
Polar Bear,"VV Puram, Shankarapura",4.4,100,Strawberry,Special Flavours,59.0,No description available,0
Polar Bear,"VV Puram, Shankarapura",4.4,100,Vanilla,Special Flavours,59.0,No description available,0
Polar Bear,"VV Puram, Shankarapura",4.4,100,Rich Chocolate,Special Flavours,85.0,No description available,0
Polar Bear,"VV Puram, Shankarapura",4.4,100,Pistachionut,Special Flavours,85.0,No description available,0
Polar Bear,"VV Puram, Shankarapura",4.4,100,Fresh Pineapple,Special Flavours,85.0,No description available,0
Polar Bear,"VV Puram, Shankarapura",4.4,100,Fig o Honey,Special Flavours,85.0,No description available,0
Polar Bear,"VV Puram, Shankarapura",4.4,100,Butterscotch,Special Flavours,85.0,No description available,0
Polar Bear,"VV Puram, Shankarapura",4.4,100,Alphonso Mango,Special Flavours,85.0,No description available,0
Polar Bear,"VV Puram, Shankarapura",4.4,100,Choco Almond Fudge,Exotic Flavours,95.0,No description available,0
Polar Bear,"VV Puram, Shankarapura",4.4,100,Belgian Chocolate,Exotic Flavours,95.0,No description available,0
Polar Bear,"VV Puram, Shankarapura",4.4,100,Paan,Exotic Flavours,95.0,No description available,0
Polar Bear,"VV Puram, Shankarapura",4.4,100,Kulfi,Exotic Flavours,95.0,No description available,0
Polar Bear,"VV Puram, Shankarapura",4.4,100,Red Velvet,Exotic Flavours,95.0,No description available,0
Polar Bear,"VV Puram, Shankarapura",4.4,100,Fruit Punch,Exotic Flavours,95.0,No description available,0
Polar Bear,"VV Puram, Shankarapura",4.4,100,Purple Punch,Exotic Flavours,95.0,No description available,0
Polar Bear,"VV Puram, Shankarapura",4.4,100,Lychica,Exotic Flavours,95.0,No description available,0
Polar Bear,"VV Puram, Shankarapura",4.4,100,Coffee Brazilia,Exotic Flavours,95.0,No description available,0
Polar Bear,"VV Puram, Shankarapura",4.4,100,Vanilla - No Added Sugar,Flavours - No Added Sugar,85.0,No description available,0
Polar Bear,"VV Puram, Shankarapura",4.4,100,Jackfruit,Natural Flavours,95.0,No description available,0
Polar Bear,"VV Puram, Shankarapura",4.4,100,Real Chikoo,Natural Flavours,95.0,No description available,0
